Image_Index,Group,Included,Raw_relative_path,Acquisition_batch,Biological_replicate_ID,Timepoint_hours,Automated_nuclear_regions,Cy5_regions,Bytes,SHA256
1,DOPC_chole_mRNA,1,DOPC_chole_mRNA/260930_100ms15B70R_DOPC_chole_mRNA_014.nd2,20260930,,,2,57,111607808,1b38a846b53a8bafb73d2f75fae71ea34ec2e4c33139f69995e6058152a02b19
2,DOPC_mRNA,1,DOPC_mRNA/260930_100ms15B70R_DOPC_mRNA_002.nd2,20260930,,,4,72,115580928,772f66d539c150eea361ee8df3bd87e3a375ab0e3e19c719c8552abedf22ff62
3,DOPC_mRNA,1,DOPC_mRNA/260930_100ms15B70R_DOPC_mRNA_003.nd2,20260930,,,5,33,115576832,7b021e4dd6eab9025fd2752844f5c61d8b3f208dd1555e48bce0bffda3a2deeb
4,DOPC_chole_mRNA,1,DOPC_chole_mRNA/260930_100ms15B70R_DOPC_chole_mRNA_015.nd2,20260930,,,6,18,115580928,062eca353f8ba8127277d7a81a96873c7eef79b4acebd98a2bc379cd2fae090c
5,DOPC_mRNA,1,DOPC_mRNA/260930_100ms15B70R_DOPC_mRNA_005.nd2,20260930,,,6,26,115576832,ab42cd151967bdeb89279ef21de69e4284fb68bd61d3839ca5adf20a794baeda
6,DOPC_mRNA,1,DOPC_mRNA/260930_100ms15B70R_DOPC_mRNA_006.nd2,20260930,,,6,85,115576832,a731d6bee4a00ca00b705fc1db73ef1d744e1b7c9b20abd9ce5a5cd4ff3a901c
7,DOPC_mRNA,1,DOPC_mRNA/260930_100ms15B70R_DOPC_mRNA_007.nd2,20260930,,,8,34,115580928,e3380d6bb9d7b9cdab5a95c313f0e21f8a2261594021a4e94e2af75daf1016d7
8,DOPC_mRNA,1,DOPC_mRNA/260930_100ms15B70R_DOPC_mRNA_008.nd2,20260930,,,5,26,115580928,c96ea68399a2964d5eab36e31754432d43a1a083b12f67d716b6130bfd481d27
9,DOPC_mRNA,1,DOPC_mRNA/260930_100ms15B70R_DOPC_mRNA_009.nd2,20260930,,,6,42,115580928,654dfaa1826597be9cf75a2c04d2abe4f9e69a622d4935cf8296446b8a725750
10,DOPC_mRNA,1,DOPC_mRNA/260930_100ms15B70R_DOPC_mRNA_010.nd2,20260930,,,4,26,115580928,0d7334f2f06f418f2f86bb05defe1355c44332cfc66841d363eafa474a82d02a
11,DOPC_mRNA,1,DOPC_mRNA/260930_100ms15B70R_DOPC_mRNA_011.nd2,20260930,,,3,36,115576832,67b845f2be0adbc74f5ef6611fc63da140ed378c68dbce11cf892a3fd754374e
12,DOPC_mRNA,1,DOPC_mRNA/260930_100ms15B70R_DOPC_mRNA_012.nd2,20260930,,,4,28,115580928,ca1c359c9f277f25ab0be0d078e4d78c9552262a0cfb3b954a5f972873d1d22e
13,DOPC_mRNA,1,DOPC_mRNA/260930_100ms15B70R_DOPC_mRNA_013.nd2,20260930,,,3,33,115580928,824412e0900eacd6e8751abb255fe57c21336b31091363d53cd946266fca71e1
14,DOPC_mRNA,1,DOPC_mRNA/260930_100ms15B70R_DOPC_mRNA_014.nd2,20260930,,,4,44,115576832,f545042caa4821808ecc7f82d4317c1e4ce31287c990080e7ee452347ca40120
15,DOPC_mRNA,1,DOPC_mRNA/260930_100ms15B70R_DOPC_mRNA_015.nd2,20260930,,,4,27,115576832,0e14f7e73afb75f79c2674e1f7d164020fb967d10b89a29c37bee375cacd15a8
16,DOPC_mRNA,1,DOPC_mRNA/260930_100ms15B70R_DOPC_mRNA_016.nd2,20260930,,,2,30,115580928,edabd47cd2bf2f0275125ad2f50e92bc7df9abf43e328b3f37c63ed8a78e116d
17,mRNA,1,mRNA/260930_100ms15B70R_mRNA_001.nd2,20260930,,,5,58,111611904,f2fb05eccbcdd44fdc98d489577be9c2cbbc631da54d4af2896768622586763c
18,mRNA,1,mRNA/260930_100ms15B70R_mRNA_002.nd2,20260930,,,6,36,111611904,6397a009fcbc5ba6ed87a804cfaca1dd07eeee8136aa76b9cdb86df73fa62f7e
19,mRNA,1,mRNA/260930_100ms15B70R_mRNA_003.nd2,20260930,,,6,44,111611904,18838ee4f751600ceb29049675cf95635465170b0873bf452731575d5e3ee2a2
20,mRNA,1,mRNA/260930_100ms15B70R_mRNA_004.nd2,20260930,,,4,47,111611904,2a64da09dff8de482c6fc43d31abbfb621bab78f5a08db942cd788e0c0dfe814
21,mRNA,1,mRNA/260930_100ms15B70R_mRNA_005.nd2,20260930,,,6,37,111611904,000921860ed34a50b1367fffc25a0daeb01b80b85464b3b543675d1eb27d4987
23,mRNA,1,mRNA/260930_100ms15B70R_mRNA_007.nd2,20260930,,,3,53,111611904,6ddf2295d0ecc36960c63ba5776111ab3a469dd215b9c1883f8d83d790228939
24,mRNA,1,mRNA/260930_100ms15B70R_mRNA_008.nd2,20260930,,,5,76,111607808,90617a900a1e019dd2e679374892feb70f6bf9f804151950221256d5ed086b55
25,mRNA,1,mRNA/260930_100ms15B70R_mRNA_009.nd2,20260930,,,6,61,111611904,bda69d7cf08b5fe0fc8ce7e843e9a2ed546c47f3d9bb262facb4fa1efc939cdb
26,mRNA,1,mRNA/260930_100ms15B70R_mRNA_010.nd2,20260930,,,6,53,111607808,7e449ae1354e7391a8882f2a70df99c547f8c65e5430b48d6eb095ef24b62268
27,mRNA,1,mRNA/260930_100ms15B70R_mRNA_011.nd2,20260930,,,6,54,111611904,135dd3c747cc0908870362af17bab0a14f45ecb3b0158458a34c9bed4f1b789c
28,mRNA,1,mRNA/260930_100ms15B70R_mRNA_012.nd2,20260930,,,3,33,111611904,4a4f06859f17e7d77811d5ff86853dec5a1be186516db511a1d003f658fd0595
30,mRNA,1,mRNA/260930_100ms15B70R_mRNA_014.nd2,20260930,,,8,37,111611904,12a9715e7743ddcd9c643cfd6c8530e8814ff309802d212833127b0ada711899
31,mRNA,1,mRNA/260930_100ms15B70R_mRNA_015.nd2,20260930,,,3,50,111611904,97a15805760c29122a111e307d51bb1905e1e63ace547a92f067e6c5e40f3155
32,mRNA,1,mRNA/260930_100ms15B70R_mRNA_016.nd2,20260930,,,5,84,111611904,892e54b3f46d1be347d80b32430a7e7ad83f1aed39af116c9964c59ee072131d
33,mRNA,1,mRNA/260930_100ms15B70R_mRNA_017.nd2,20260930,,,3,88,111611904,02b5211fa3f0f65639849f4a5fe24d520c44bfde2f4a650f9e48047602daf7d3
35,Chole_mRNA,1,Chole_mRNA/260930_100ms15B70R_chole_mRNA_001.nd2,20260930,,,4,73,111611904,832216e98b8578619d0df92ac6c500120a59fd5bdddd51a2e5e4cb988bb901f2
36,Chole_mRNA,1,Chole_mRNA/260930_100ms15B70R_chole_mRNA_002.nd2,20260930,,,6,55,111607808,875543c60286ff7b038dbc0154b9a4978ae77ed2755c8f6279c47548bf5d1f33
37,Chole_mRNA,1,Chole_mRNA/260930_100ms15B70R_chole_mRNA_003.nd2,20260930,,,2,85,111607808,de7b2b4108c0d1c3469e84758122f411d5938a68e8646fe74df6697f49a5fa7e
39,Chole_mRNA,1,Chole_mRNA/260930_100ms15B70R_chole_mRNA_005.nd2,20260930,,,5,102,111611904,050a9733892792fb34277f0a92bc9e927ba99a1b492628bc50e708964278cd23
40,Chole_mRNA,1,Chole_mRNA/260930_100ms15B70R_chole_mRNA_006.nd2,20260930,,,5,23,111611904,1d488e28d8b0a526d1af28a5ee105dc127271a79732b55f4b35d6a186bcaf6ad
42,Chole_mRNA,1,Chole_mRNA/260930_100ms15B70R_chole_mRNA_008.nd2,20260930,,,7,123,111611904,13570b33ef14b3c2060d397c780e78bd329e0d2975f0effd72eed156c00e5552
43,Chole_mRNA,1,Chole_mRNA/260930_100ms15B70R_chole_mRNA_009.nd2,20260930,,,4,67,111611904,88c2fa0c5fd983fc2a0596ee69d68416cd329cecc3b3d1d05b0a7dd1e3a008c6
44,Chole_mRNA,1,Chole_mRNA/260930_100ms15B70R_chole_mRNA_010.nd2,20260930,,,6,87,111611904,88b87987f33e7cd421212cfe4d874cd866908f7a11800be06033fb44e778706c
45,Chole_mRNA,1,Chole_mRNA/260930_100ms15B70R_chole_mRNA_011.nd2,20260930,,,3,99,111611904,612de72ea065a1b84c7fad2bc0cfcf20758793205878c5584fcf680f72f51f72
46,Chole_mRNA,1,Chole_mRNA/260930_100ms15B70R_chole_mRNA_012.nd2,20260930,,,3,93,111607808,f1db6b3436030fe482e9e002851a2654aab8aeb544f930ea17b00b4b421e0b8a
47,Chole_mRNA,1,Chole_mRNA/260930_100ms15B70R_chole_mRNA_013.nd2,20260930,,,6,86,111607808,08ccf34883bb71b0e9821cf6f8a4d10046a2fe97a3d773be7d7568f3a20db637
48,Chole_mRNA,1,Chole_mRNA/260930_100ms15B70R_chole_mRNA_014.nd2,20260930,,,6,69,111607808,da7e599a876636ffc08ed6db11e81d39a5c0a44afb9a18496a12a8b49c27fb34
49,66DOPC33DOPG_chole_mRNA,1,66DOPC33DOPG_chole_mRNA/260930_100ms15B70R_66DOPC33DOPG_chole_mRNA_001.nd2,20260930,,,7,74,111607808,d50b0e6b9aa8b959ed1f35cd07259358295b98f2df3fcc6bfcc4b7231f7aac47
50,66DOPC33DOPG_chole_mRNA,1,66DOPC33DOPG_chole_mRNA/260930_100ms15B70R_66DOPC33DOPG_chole_mRNA_002.nd2,20260930,,,6,119,111607808,1afbf360dd2310e06ff79e8d64d2eea4662057e78975851c41a7f79bd0a83e09
51,66DOPC33DOPG_chole_mRNA,1,66DOPC33DOPG_chole_mRNA/260930_100ms15B70R_66DOPC33DOPG_chole_mRNA_003.nd2,20260930,,,6,68,111607808,77a4c2ad812e2d759ce05c7f90e719be320db2cd6d2920c341db9452150e8d30
52,66DOPC33DOPG_chole_mRNA,1,66DOPC33DOPG_chole_mRNA/260930_100ms15B70R_66DOPC33DOPG_chole_mRNA_004.nd2,20260930,,,7,117,111611904,9aa99ca489a81b50580982da20d3c87b98102dcb7ebcd1f34ffeb6d931c374e4
53,66DOPC33DOPG_chole_mRNA,1,66DOPC33DOPG_chole_mRNA/260930_100ms15B70R_66DOPC33DOPG_chole_mRNA_005.nd2,20260930,,,6,95,111607808,efd3a9f0da50ade6c14865dd2e646a69fba476abc46f319aca25f966c6479b00
54,66DOPC33DOPG_chole_mRNA,1,66DOPC33DOPG_chole_mRNA/260930_100ms15B70R_66DOPC33DOPG_chole_mRNA_006.nd2,20260930,,,4,82,111611904,42127e032484cfcf59858d1ec891fb8e767f99493b5637a6eeb6a77a97c43a5e
55,66DOPC33DOPG_chole_mRNA,1,66DOPC33DOPG_chole_mRNA/260930_100ms15B70R_66DOPC33DOPG_chole_mRNA_007.nd2,20260930,,,4,79,111611904,f566ba18036fb8fae1b246b07b6f0c83b3d271d06f4947dc335fb1b6363fb083
56,66DOPC33DOPG_chole_mRNA,1,66DOPC33DOPG_chole_mRNA/260930_100ms15B70R_66DOPC33DOPG_chole_mRNA_008.nd2,20260930,,,3,75,111611904,0f383e6f911140e59c894ce902f376037a3569ae8af30547ccb868e3717a40b8
57,66DOPC33DOPG_chole_mRNA,1,66DOPC33DOPG_chole_mRNA/260930_100ms15B70R_66DOPC33DOPG_chole_mRNA_009.nd2,20260930,,,3,110,111611904,87312def976fba2f081834d33c083758b14aa1bf480e8fb94ba56357ed29444a
58,66DOPC33DOPG_chole_mRNA,1,66DOPC33DOPG_chole_mRNA/260930_100ms15B70R_66DOPC33DOPG_chole_mRNA_010.nd2,20260930,,,5,120,111611904,7d7f613de0a8a659e030112ac7332c091438a9f590d529a7d3665b4023c38553
59,66DOPC33DOPG_chole_mRNA,1,66DOPC33DOPG_chole_mRNA/260930_100ms15B70R_66DOPC33DOPG_chole_mRNA_011.nd2,20260930,,,4,66,111611904,ba3a69a755da58cef8e23c2824dce757338684b6919a5286fcaf80028884a908
60,66DOPC33DOPG_chole_mRNA,1,66DOPC33DOPG_chole_mRNA/260930_100ms15B70R_66DOPC33DOPG_chole_mRNA_012.nd2,20260930,,,7,55,111607808,0ad3a4896a3856f1e69af266090da0596065a47aa245f116f9a8cdbfb7b9b23d
61,66DOPC33DOPG_chole_mRNA,1,66DOPC33DOPG_chole_mRNA/260930_100ms15B70R_66DOPC33DOPG_chole_mRNA_013.nd2,20260930,,,5,50,111611904,17164384c99c5809527346c8aff3ba9e39e4fc19a6234c74495c74edac03cf75
62,DOPC_chole_mRNA,1,DOPC_chole_mRNA/260930_100ms15B70R_DOPC_chole_mRNA_001.nd2,20260930,,,2,111,111607808,15d88352f2dd434b5e363cf05720ad3a1748eb778dfb64c7401901b7be5ba9e4
64,DOPC_chole_mRNA,1,DOPC_chole_mRNA/260930_100ms15B70R_DOPC_chole_mRNA_003.nd2,20260930,,,5,108,111611904,149522cc8873c8c8f51cf618bb644b804182e79bab538ec6bcc504299c73429a
65,DOPC_chole_mRNA,1,DOPC_chole_mRNA/260930_100ms15B70R_DOPC_chole_mRNA_004.nd2,20260930,,,4,59,111611904,12e5058c4619c7b3ada0569e2e12ba0cd37bac819ec562cf521ccbf6f2483d4c
66,DOPC_chole_mRNA,1,DOPC_chole_mRNA/260930_100ms15B70R_DOPC_chole_mRNA_005.nd2,20260930,,,4,135,111611904,8b8d2614d5a92c91e6fded73016b15f7ae1dea4fcd3ae65baae8bf4427db2b9e
67,DOPC_chole_mRNA,1,DOPC_chole_mRNA/260930_100ms15B70R_DOPC_chole_mRNA_006.nd2,20260930,,,2,100,111611904,352257182b196394fdecb1687318c3921ee35a6bd728f83e9b1b1c431d77315b
68,DOPC_chole_mRNA,1,DOPC_chole_mRNA/260930_100ms15B70R_DOPC_chole_mRNA_007.nd2,20260930,,,4,42,111611904,51075cd2706281a24f68647c3ebf36e2441feed0e546ef56f49155055cc9206f
69,DOPC_chole_mRNA,1,DOPC_chole_mRNA/260930_100ms15B70R_DOPC_chole_mRNA_008.nd2,20260930,,,3,30,111607808,474205b2bceb8a2e90a5101717c971d62689312ef010be7bd883359960bb0f4b
70,DOPC_chole_mRNA,1,DOPC_chole_mRNA/260930_100ms15B70R_DOPC_chole_mRNA_009.nd2,20260930,,,5,43,111607808,e5079580aa8a9978b0ad0003b91f5e7f0849c341a545edaa13b7efcfee8beee8
71,DOPC_chole_mRNA,1,DOPC_chole_mRNA/260930_100ms15B70R_DOPC_chole_mRNA_010.nd2,20260930,,,5,114,111611904,ebf0273284b859370eb1f4cdb4512e3675312ea843090e65735b37f0ad18121a
72,DOPC_chole_mRNA,1,DOPC_chole_mRNA/260930_100ms15B70R_DOPC_chole_mRNA_011.nd2,20260930,,,4,62,111607808,aeed5f5abc29bb34a26bf31a0cc283df0bb286fbbce7647035c95d1cfca231b0
73,DOPC_chole_mRNA,1,DOPC_chole_mRNA/260930_100ms15B70R_DOPC_chole_mRNA_012.nd2,20260930,,,3,55,111607808,38d59a9b209841d7dd71bbaab98eda9c5fbba3895cc314029b4401e529d31ee7
74,DOPC_chole_mRNA,1,DOPC_chole_mRNA/260930_100ms15B70R_DOPC_chole_mRNA_013.nd2,20260930,,,4,66,111607808,19a2cc47361613d5a73373cdcafd837928e4730c6acd4671dc25dfa7100101f1
75,DOPG_chole_mRNA,1,DOPG_chole_mRNA/260930_100ms15B70R_DOPG_Chole_mRNA_001.nd2,20260930,,,5,27,115580928,e00cc5c2f4ae4de617802d8756a595f5cbf3ba070d14a86a5987bef5e0a7f5bc
76,DOPG_chole_mRNA,1,DOPG_chole_mRNA/260930_100ms15B70R_DOPG_Chole_mRNA_002.nd2,20260930,,,6,49,115580928,d150c3d74ac1037e8a1d57fd9d85de7825881178a3f68bbdb792194d79521edd
77,DOPG_chole_mRNA,1,DOPG_chole_mRNA/260930_100ms15B70R_DOPG_Chole_mRNA_003.nd2,20260930,,,5,82,115576832,a339b2a02e016533fee3c4ee6632654c9aa99864bb14df95ddb39c75a0c3d1fd
78,DOPG_chole_mRNA,1,DOPG_chole_mRNA/260930_100ms15B70R_DOPG_Chole_mRNA_004.nd2,20260930,,,5,50,115576832,4c773756722c858fa7c0a250a12477ba08a57ef8c9405ebe145ff776dde1e785
79,DOPG_chole_mRNA,1,DOPG_chole_mRNA/260930_100ms15B70R_DOPG_Chole_mRNA_005.nd2,20260930,,,4,105,115576832,07379e2779794b7e819ddb19ac9651c7adcc52151ae7a159fd2e7f8aea70a8ad
80,DOPG_chole_mRNA,1,DOPG_chole_mRNA/260930_100ms15B70R_DOPG_Chole_mRNA_006.nd2,20260930,,,2,59,115576832,b1c1d2b90848386cb34f3e5c57453c60a9c5828b6d9934691682b4770ca6259d
81,DOPG_chole_mRNA,1,DOPG_chole_mRNA/260930_100ms15B70R_DOPG_Chole_mRNA_007.nd2,20260930,,,6,53,115580928,0ff6ffb70e8885e128719af0706b8f83960471d3935b13839614f915a643b275
82,DOPG_chole_mRNA,1,DOPG_chole_mRNA/260930_100ms15B70R_DOPG_Chole_mRNA_008.nd2,20260930,,,5,64,115576832,7d4d19796315b20dc7fbb5845db51599b4477a7d560f368c42038f626e12d692
83,DOPG_chole_mRNA,1,DOPG_chole_mRNA/260930_100ms15B70R_DOPG_Chole_mRNA_009.nd2,20260930,,,4,58,115580928,133435b45514245931ecb2d5d2a7153f1bb25e3a1d759a02b8c543578b6a6dd3
84,DOPG_chole_mRNA,1,DOPG_chole_mRNA/260930_100ms15B70R_DOPG_Chole_mRNA_010.nd2,20260930,,,6,28,115580928,a65c94db489a7b4471e16e566ca89507e418e181f4e4e694c61e48707deacbb6
85,DOPG_chole_mRNA,1,DOPG_chole_mRNA/260930_100ms15B70R_DOPG_Chole_mRNA_011.nd2,20260930,,,5,39,115580928,535873d28f9025e38f88deb303762716da1474924b6b1d761fa013b043759570
86,66DOPC33DOPG_chole_mRNA,1,66DOPC33DOPG_chole_mRNA/260930_100ms15B70R_66DOPC33DOPG_chole_mRNA_014.nd2,20260930,,,5,69,115580928,450cba6f3fb1ca30b29a335e8e4dace7673df872736da6224bbbf40ffc667833
87,66DOPC33DOPG_chole_mRNA,1,66DOPC33DOPG_chole_mRNA/260930_100ms15B70R_66DOPC33DOPG_chole_mRNA_015.nd2,20260930,,,4,93,115576832,126e93469dae06231eab006b929e63079ef90465ca903b5beb77d98dc1e2fff4
88,DOPG_chole_mRNA,1,DOPG_chole_mRNA/260930_100ms15B70R_DOPG_Chole_mRNA_014.nd2,20260930,,,5,51,115580928,72789226a64f9bc198ecae349a30936a91f83bf757ff9bd93b0f8aef097e461c
89,DOPG_chole_mRNA,1,DOPG_chole_mRNA/260930_100ms15B70R_DOPG_Chole_mRNA_015.nd2,20260930,,,5,38,115580928,935c590317a1dc82d3e51ee8af199d2286a32688d44838fe9ffa47036fa94ad8
90,DOPG_chole_mRNA,1,DOPG_chole_mRNA/260930_100ms15B70R_DOPG_Chole_mRNA_016.nd2,20260930,,,5,51,115580928,4fff3fec76b6af6503da756247668b5ab3adb78414764a6026525a989c440ed6
91,DOPG_chole_mRNA,1,DOPG_chole_mRNA/260930_100ms15B70R_DOPG_Chole_mRNA_017.nd2,20260930,,,4,54,115576832,8382c8f07185caab8aa97d40d41428dcdd6a02309cddc5216412093a68073858
92,DOPG_mRNA,1,DOPG_mRNA/260930_100ms15B70R_DOPG_mRNA_001.nd2,20260930,,,4,22,115580928,ce2cb5b32602835cebe855fe071e2c957f6aa9100b411cf59721c00a59d2f253
93,DOPG_mRNA,1,DOPG_mRNA/260930_100ms15B70R_DOPG_mRNA_002.nd2,20260930,,,6,12,115580928,4967c9a13c58b15fab62510cdc8555b648a19290f2e642499aa7bb877e3812d6
94,DOPG_mRNA,1,DOPG_mRNA/260930_100ms15B70R_DOPG_mRNA_003.nd2,20260930,,,5,24,115580928,d9395672c561a9040b5dc03087c47ba19c0b605ec5388d9069f3ba903a7e1972
95,DOPG_mRNA,1,DOPG_mRNA/260930_100ms15B70R_DOPG_mRNA_004.nd2,20260930,,,5,28,115576832,8a0245ed33b9f2b33c61a4e7a01127f3b28f2c8aeaad52a61fd19beccff47e7b
96,DOPG_mRNA,1,DOPG_mRNA/260930_100ms15B70R_DOPG_mRNA_005.nd2,20260930,,,5,33,115580928,8fa279256d54fc9d1ded6b4fcd3a9928b73e9b018d5d94373f99a56bcdf00eb5
97,DOPG_mRNA,1,DOPG_mRNA/260930_100ms15B70R_DOPG_mRNA_006.nd2,20260930,,,6,36,115576832,d7fca71924473f5b4ab29f83c75005108e4b99e62236f24ff6a702c8819a15ed
98,DOPG_mRNA,1,DOPG_mRNA/260930_100ms15B70R_DOPG_mRNA_007.nd2,20260930,,,7,27,115576832,a928f1d751db4b7e3426462d40d6e438b5162411c9339fe1c0513b36054d6f60
99,DOPG_mRNA,1,DOPG_mRNA/260930_100ms15B70R_DOPG_mRNA_008.nd2,20260930,,,9,19,115580928,db0af093d73f9ff5b49bcf97518cb92d24194d2b0d67ddcb07dc6d7b92155874
100,DOPG_mRNA,1,DOPG_mRNA/260930_100ms15B70R_DOPG_mRNA_009.nd2,20260930,,,8,50,115576832,53ba81ea01b481dd591baf73d42fb9df247ca4f22fc2f9f9a1753baa843c5675
101,DOPG_mRNA,1,DOPG_mRNA/260930_100ms15B70R_DOPG_mRNA_010.nd2,20260930,,,3,25,115576832,b64a765de3bec59d5904ed96daea15b1aafad6994c4f8486c64801962fd87f63
102,DOPG_mRNA,1,DOPG_mRNA/260930_100ms15B70R_DOPG_mRNA_011.nd2,20260930,,,2,17,115576832,2f6d0f86cec34848ad52a78ffd0cfac66853e1695903563a5f6e2b29b7a211fb
103,DOPG_mRNA,1,DOPG_mRNA/260930_100ms15B70R_DOPG_mRNA_012.nd2,20260930,,,5,31,115576832,d1b84f320a4dfb2e174c06170882e204f3e2a3fb6aabe00057ca83035e5f95d9
104,DOPG_mRNA,1,DOPG_mRNA/260930_100ms15B70R_DOPG_mRNA_013.nd2,20260930,,,6,10,115580928,b5caa302e8bf112378b692893136bea0ce447b56dc66f8d066004fca0a95f479
105,DOPG_mRNA,1,DOPG_mRNA/260930_100ms15B70R_DOPG_mRNA_014.nd2,20260930,,,7,25,115580928,eca6340eba12564756d1785f3ba53ad4c0e8bfa792d5a79f6d19792212d3ad6a
106,DOPG_mRNA,1,DOPG_mRNA/260930_100ms15B70R_DOPG_mRNA_015.nd2,20260930,,,4,28,115580928,33fc23d787f80cab5609cca272b3ae93d9a4b625667e898d4bf7b496b797b8a2
107,66DOPC33DOPG_mRNA,1,66DOPC33DOPG_mRNA/260930_100ms15B70R_66DOPC33DOPG_mRNA_001.nd2,20260930,,,5,113,115580928,ae535ec6f8a340b82e0a04a22aa2ee5b6cd5139ead3141a7057088bc915b8c0d
108,66DOPC33DOPG_mRNA,1,66DOPC33DOPG_mRNA/260930_100ms15B70R_66DOPC33DOPG_mRNA_002.nd2,20260930,,,4,68,115576832,278af8fc0e5c64475a3d334fcd5f49ba0f7ef7bb2b097a4af76b85023222b2e5
109,66DOPC33DOPG_mRNA,1,66DOPC33DOPG_mRNA/260930_100ms15B70R_66DOPC33DOPG_mRNA_003.nd2,20260930,,,6,185,115580928,ed5124a1df099455d33fa08f3625da99dbbbe582b430a3970b32e9cc5386a628
110,66DOPC33DOPG_mRNA,1,66DOPC33DOPG_mRNA/260930_100ms15B70R_66DOPC33DOPG_mRNA_004.nd2,20260930,,,6,84,115580928,ef45f605c0f6b6e108bc19ac25864c0c308fcdaf109db282408ddc3870afeb50
111,66DOPC33DOPG_mRNA,1,66DOPC33DOPG_mRNA/260930_100ms15B70R_66DOPC33DOPG_mRNA_005.nd2,20260930,,,2,186,115580928,38b0b66f13823b433d701b33bd0e6ebffb658c54bec7cc3ca1607a957ed473b0
112,66DOPC33DOPG_mRNA,1,66DOPC33DOPG_mRNA/260930_100ms15B70R_66DOPC33DOPG_mRNA_006.nd2,20260930,,,2,93,115576832,85b650ab545814559daf748f96416940aff2d050d211a140c30fa71f0d988389
113,66DOPC33DOPG_mRNA,1,66DOPC33DOPG_mRNA/260930_100ms15B70R_66DOPC33DOPG_mRNA_007.nd2,20260930,,,4,112,115576832,30f468dd8bec497afa3bfddc2ec32f65c4b45b641f898bdc7931cdeaedede509
114,66DOPC33DOPG_mRNA,1,66DOPC33DOPG_mRNA/260930_100ms15B70R_66DOPC33DOPG_mRNA_008.nd2,20260930,,,3,48,115576832,2927d46767625a3fb9da6b5d35b3ed8abdd9ffa0ea830b720a0b82c893f60405
115,66DOPC33DOPG_mRNA,1,66DOPC33DOPG_mRNA/260930_100ms15B70R_66DOPC33DOPG_mRNA_009.nd2,20260930,,,4,99,115576832,3e4f709fb7defc79bada7496360aca392c8eea259404b325e3777a429303e583
116,66DOPC33DOPG_mRNA,1,66DOPC33DOPG_mRNA/260930_100ms15B70R_66DOPC33DOPG_mRNA_010.nd2,20260930,,,4,116,115576832,29eacec4796c65b536038d36cfd518ced0029fadee35c5421f057b48d238a104
117,66DOPC33DOPG_mRNA,1,66DOPC33DOPG_mRNA/260930_100ms15B70R_66DOPC33DOPG_mRNA_011.nd2,20260930,,,3,68,115576832,34e0f0c7668479adfb1e22163a248cdb3ce65ee658333cefc3170bd543f855fb
118,66DOPC33DOPG_mRNA,1,66DOPC33DOPG_mRNA/260930_100ms15B70R_66DOPC33DOPG_mRNA_012.nd2,20260930,,,4,54,115580928,aa2ca125432fa95c5cb4578d1b57ccfdddf4a95365ebc2d98b2d1288a8ebe364
119,66DOPC33DOPG_mRNA,1,66DOPC33DOPG_mRNA/260930_100ms15B70R_66DOPC33DOPG_mRNA_013.nd2,20260930,,,4,73,115580928,a0f809ab060c6f73858c63fd056d8e233a25164ce8d1b221e41d6002a25c8a22
120,66DOPC33DOPG_mRNA,1,66DOPC33DOPG_mRNA/260930_100ms15B70R_66DOPC33DOPG_mRNA_014.nd2,20260930,,,3,37,115580928,b0fe66c5fbe1116538b7a1607925334139a9d661c454dad8e3b2d3795eeab891
121,66DOPC33DOPG_mRNA,1,66DOPC33DOPG_mRNA/260930_100ms15B70R_66DOPC33DOPG_mRNA_015.nd2,20260930,,,4,34,111611904,f7805532d0c099f527de24e80cc1eb293c9d08016ec2228d5f87cef3fc193b94
