Group,Image_Index,Regions,Nuclei,Crops,Changed_regions,Threshold_raw,Pixel_area_um2
DOPC_chole_mRNA,1,57,2,1,0,148.7912,0.011938536373063099
DOPC_mRNA,2,72,4,0,3,148.7912,0.011938536373063099
DOPC_mRNA,3,33,5,1,3,148.7912,0.011938536373063099
DOPC_chole_mRNA,4,18,6,2,1,147.7912,0.011938536373063099
DOPC_mRNA,5,26,6,1,1,147.7912,0.011938536373063099
DOPC_mRNA,6,85,6,0,3,148.7912,0.011938536373063099
DOPC_mRNA,7,34,8,0,1,148.7912,0.011938536373063099
DOPC_mRNA,8,26,5,1,1,148.7912,0.011938536373063099
DOPC_mRNA,9,42,6,0,2,147.7912,0.011938536373063099
DOPC_mRNA,10,26,4,1,1,147.7912,0.011938536373063099
DOPC_mRNA,11,36,3,3,0,147.7912,0.011938536373063099
DOPC_mRNA,12,28,4,1,1,147.7912,0.011938536373063099
DOPC_mRNA,13,33,3,1,0,147.7912,0.011938536373063099
DOPC_mRNA,14,44,4,2,1,147.7912,0.011938536373063099
DOPC_mRNA,15,27,4,4,5,147.7912,0.011938536373063099
DOPC_mRNA,16,30,2,2,0,148.7912,0.011938536373063099
mRNA,17,58,5,1,2,147.7912,0.011938536373063099
mRNA,18,36,6,1,2,148.7912,0.011938536373063099
mRNA,19,44,6,1,1,148.7912,0.011938536373063099
mRNA,20,47,4,0,4,155.7216,0.011938536373063099
mRNA,21,37,6,1,4,148.7912,0.011938536373063099
mRNA,23,53,3,1,3,149.7912,0.011938536373063099
mRNA,24,76,5,1,7,149.7912,0.011938536373063099
mRNA,25,61,6,2,2,148.7912,0.011938536373063099
mRNA,26,53,6,3,8,147.7912,0.011938536373063099
mRNA,27,54,6,0,1,148.7912,0.011938536373063099
mRNA,28,33,3,1,0,154.7216,0.011938536373063099
mRNA,30,37,8,2,2,148.7912,0.011938536373063099
mRNA,31,50,3,1,2,147.7912,0.011938536373063099
mRNA,32,84,5,2,4,147.7912,0.011938536373063099
mRNA,33,88,3,1,3,148.7912,0.011938536373063099
Chole_mRNA,35,73,4,1,3,147.7912,0.011938536373063099
Chole_mRNA,36,55,6,2,2,147.7912,0.011938536373063099
Chole_mRNA,37,85,2,1,4,147.7912,0.011938536373063099
Chole_mRNA,39,102,5,2,1,148.7912,0.011938536373063099
Chole_mRNA,40,23,5,2,0,147.7912,0.011938536373063099
Chole_mRNA,42,123,7,2,1,148.7912,0.011938536373063099
Chole_mRNA,43,67,4,3,4,148.7912,0.011938536373063099
Chole_mRNA,44,87,6,1,2,147.7912,0.011938536373063099
Chole_mRNA,45,99,3,2,2,147.7912,0.011938536373063099
Chole_mRNA,46,93,3,2,3,148.7912,0.011938536373063099
Chole_mRNA,47,86,6,1,6,148.7912,0.011938536373063099
Chole_mRNA,48,69,6,3,2,148.7912,0.011938536373063099
66DOPC33DOPG_chole_mRNA,49,74,7,1,3,148.7912,0.011938536373063099
66DOPC33DOPG_chole_mRNA,50,119,6,1,2,149.7912,0.011938536373063099
66DOPC33DOPG_chole_mRNA,51,68,6,1,2,148.7912,0.011938536373063099
66DOPC33DOPG_chole_mRNA,52,117,7,1,5,155.7216,0.011938536373063099
66DOPC33DOPG_chole_mRNA,53,95,6,1,3,148.7912,0.011938536373063099
66DOPC33DOPG_chole_mRNA,54,82,4,1,4,148.7912,0.011938536373063099
66DOPC33DOPG_chole_mRNA,55,79,4,1,3,155.7216,0.011938536373063099
66DOPC33DOPG_chole_mRNA,56,75,3,1,4,148.7912,0.011938536373063099
66DOPC33DOPG_chole_mRNA,57,110,3,2,1,148.7912,0.011938536373063099
66DOPC33DOPG_chole_mRNA,58,120,5,1,10,149.7912,0.011938536373063099
66DOPC33DOPG_chole_mRNA,59,66,4,1,2,154.7216,0.011938536373063099
66DOPC33DOPG_chole_mRNA,60,55,7,1,5,149.7912,0.011938536373063099
66DOPC33DOPG_chole_mRNA,61,50,5,1,5,156.7216,0.011938536373063099
DOPC_chole_mRNA,62,111,2,2,1,148.7912,0.011938536373063099
DOPC_chole_mRNA,64,108,5,3,3,149.7912,0.011938536373063099
DOPC_chole_mRNA,65,59,4,0,3,147.7912,0.011938536373063099
DOPC_chole_mRNA,66,135,4,1,3,148.7912,0.011938536373063099
DOPC_chole_mRNA,67,100,2,1,5,148.7912,0.011938536373063099
DOPC_chole_mRNA,68,42,4,3,1,147.7912,0.011938536373063099
DOPC_chole_mRNA,69,30,3,2,1,147.7912,0.011938536373063099
DOPC_chole_mRNA,70,43,5,1,1,148.7912,0.011938536373063099
DOPC_chole_mRNA,71,114,5,1,2,148.7912,0.011938536373063099
DOPC_chole_mRNA,72,62,4,1,3,156.7216,0.011938536373063099
DOPC_chole_mRNA,73,55,3,0,3,148.7912,0.011938536373063099
DOPC_chole_mRNA,74,66,4,2,3,155.7216,0.011938536373063099
DOPG_chole_mRNA,75,27,5,3,3,148.7912,0.011938536373063099
DOPG_chole_mRNA,76,49,6,1,1,148.7912,0.011938536373063099
DOPG_chole_mRNA,77,82,5,0,3,148.7912,0.011938536373063099
DOPG_chole_mRNA,78,50,5,0,2,148.7912,0.011938536373063099
DOPG_chole_mRNA,79,105,4,2,1,147.7912,0.011938536373063099
DOPG_chole_mRNA,80,59,2,2,3,148.7912,0.011938536373063099
DOPG_chole_mRNA,81,53,6,1,1,149.7912,0.011938536373063099
DOPG_chole_mRNA,82,64,5,1,3,148.7912,0.011938536373063099
DOPG_chole_mRNA,83,58,4,1,1,148.7912,0.011938536373063099
DOPG_chole_mRNA,84,28,6,1,1,148.7912,0.011938536373063099
DOPG_chole_mRNA,85,39,5,1,1,148.7912,0.011938536373063099
66DOPC33DOPG_chole_mRNA,86,69,5,1,2,148.7912,0.011938536373063099
66DOPC33DOPG_chole_mRNA,87,93,4,1,4,150.7912,0.011938536373063099
DOPG_chole_mRNA,88,51,5,1,0,147.7912,0.011938536373063099
DOPG_chole_mRNA,89,38,5,1,0,147.7912,0.011938536373063099
DOPG_chole_mRNA,90,51,5,2,0,147.7912,0.011938536373063099
DOPG_chole_mRNA,91,54,4,2,1,148.7912,0.011938536373063099
DOPG_mRNA,92,22,4,1,0,147.7912,0.011938536373063099
DOPG_mRNA,93,12,6,0,0,147.7912,0.011938536373063099
DOPG_mRNA,94,24,5,1,0,147.7912,0.011938536373063099
DOPG_mRNA,95,28,5,1,2,147.7912,0.011938536373063099
DOPG_mRNA,96,33,5,1,2,147.7912,0.011938536373063099
DOPG_mRNA,97,36,6,4,2,148.7912,0.011938536373063099
DOPG_mRNA,98,27,7,0,3,148.7912,0.011938536373063099
DOPG_mRNA,99,19,9,0,1,148.7912,0.011938536373063099
DOPG_mRNA,100,50,8,1,4,148.7912,0.011938536373063099
DOPG_mRNA,101,25,3,1,0,147.7912,0.011938536373063099
DOPG_mRNA,102,17,2,1,0,147.7912,0.011938536373063099
DOPG_mRNA,103,31,5,1,2,148.7912,0.011938536373063099
DOPG_mRNA,104,10,6,1,0,148.7912,0.011938536373063099
DOPG_mRNA,105,25,7,1,2,149.7912,0.011938536373063099
DOPG_mRNA,106,28,4,1,0,147.7912,0.011938536373063099
66DOPC33DOPG_mRNA,107,113,5,2,1,148.7912,0.011938536373063099
66DOPC33DOPG_mRNA,108,68,4,2,5,148.7912,0.011938536373063099
66DOPC33DOPG_mRNA,109,185,6,1,6,148.7912,0.011938536373063099
66DOPC33DOPG_mRNA,110,84,6,2,2,147.7912,0.011938536373063099
66DOPC33DOPG_mRNA,111,186,2,2,5,148.7912,0.011938536373063099
66DOPC33DOPG_mRNA,112,93,2,2,5,147.7912,0.011938536373063099
66DOPC33DOPG_mRNA,113,112,4,2,7,155.7216,0.011938536373063099
66DOPC33DOPG_mRNA,114,48,3,1,2,147.7912,0.011938536373063099
66DOPC33DOPG_mRNA,115,99,4,2,4,148.7912,0.011938536373063099
66DOPC33DOPG_mRNA,116,116,4,1,2,148.7912,0.011938536373063099
66DOPC33DOPG_mRNA,117,68,3,1,5,155.7216,0.011938536373063099
66DOPC33DOPG_mRNA,118,54,4,1,0,147.7912,0.011938536373063099
66DOPC33DOPG_mRNA,119,73,4,2,0,147.7912,0.011938536373063099
66DOPC33DOPG_mRNA,120,37,3,1,0,146.7912,0.011938536373063099
66DOPC33DOPG_mRNA,121,34,4,1,0,147.7912,0.011938536373063099
