mRNA,Chole_mRNA,DOPC_mRNA,DOPC_chole_mRNA,DOPG_mRNA,DOPG_chole_mRNA,66DOPC33DOPG_mRNA,66DOPC33DOPG_chole_mRNA
1665,1774,309,17102,900,5290,2964,307
1837,4881,920,20685,3413,1720,29131,1595
10702,1226,2768,43740,6463,1087,2798,2788
4623,21551,2471,22458,611,299,613,2472
2189,15333,1441,4350,2124,16560,13723,640
1385,905,1624,18300,612,748,2241,636
1221,3820,3357,256791,17077,10472,15044,2516
15089,10352,469,546678,609,77344,23093,1069
1559,627,771,17719,1660,304,2795,2576
11431,2277,7950,7139,18456,9644,9191,7203
305,310,3760,4245,896,2284,24563,26313
454,2908,463,6438,5026,4162,1935,104188
1358,7546,311,48320,452,38179,2637,3361
300,1570,643,1385,1993,4871,5216,60948
6201,4374,5854,158654,599,303,14971,1630
2759,301,1771,28271,6259,3213,26035,2284
1667,299,1113,37882,1880,7001,1521,81220
104726,4828,958,461,760,1841,8034,6081
4964,26932,622,786,2691,3403,7592,10899
32912,2354,4789,903,2545,1214,5005,7207
1799,24196,621,23106,1520,80385,5347,214868
302,35188,5290,1391,2067,32071,1252,2727
454,19363,2433,19601,2730,37476,4750,7488
452,32326,2953,305,453,612,1259,4671
39805,6964,2608,455,302,5477,37515,11890
4502,4490,2319,4034,2552,304,2424,13935
8166,3152,779,13668,13077,1072,29267,119304
1058,6911,5703,452,926,13991,22444,12725
10632,305,4011,305,305,3656,5630,1076
11554,2488,34109,456,1217,456,1905,457
609,11504,2401,9022,616,1442,1981,13326
22044,762,621,307,2951,6156,3573,4425
4730,10114,36363,3871,13009,4367,1218,47075
318,8257,6704,49038,1541,5425,960,19890
762,7609,21881,1250,24882,603,7836,7512
2207,2409,304,1369,26929,8713,1991,1367
1207,8379,6893,4889,306,103394,1663,52666
1555,1808,22467,451,32333,1526,819,73480
1515,2099,13586,13492,4135,3180,3657,907
610,453,614,10644,304,928,1556,5771
3143,2262,1398,621,1243,1559,10323,32901
909,11124,617,631,1078,936,1231,605
2836,3152,4141,13830,2196,1594,1422,1058
3269,6027,8935,19543,462,307,5055,10378
19894,6445,458,8383,1079,8256,2535,766
4592,451,38854,7688,3933,1570,1384,80016
1862,1060,8952,17693,3921,3171,761,104113
1702,4524,12462,2729,5985,617,18168,11471
1519,1970,3759,5314,3788,3908,248442,15122
3388,9391,18620,2293,302,2591,758,64010
1080,1695,907,3443,308,2727,210641,6901
2046,5527,35776,85890,602,618,1550,3392
20534,3338,3189,18828,606,1223,4327,6511
1447,3454,2284,11663,2416,2353,2047,29941
1945,3134,906,3923,925,3474,15404,78558
305,1066,7705,2585,2105,4685,2200,309
619,8858,66518,6964,303,6655,8353,3935
1059,5222,6890,8689,1381,3242,5670,88148
1665,2312,13502,304,12566,1891,774,4588
304,767,454,1654,457,615,9822,16421
1985,5656,8816,10284,609,1102,7090,21262
28475,1393,754,1550,752,616,11057,615
2533,773,7718,15773,611,618,12202,1991
2763,14513,5514,605,4363,6884,6382,1448
3031,769,12857,1209,1116,6182,4494,1205
5327,5171,3505,5861,760,1364,7387,1774
618,2173,904,31883,309,1999,16346,6778
607,27479,2582,50059,1513,306,8957,11472
59654,10309,4347,450,615,9270,1692,16124
69384,6098,5487,54324,6603,1216,626,457
34304,37903,1057,302,1223,1446,11138,12081
1693,1357,2575,227007,304,1724,915,17565
25712,3582,3335,17216,301,465,3895,2741
56348,44658,303,2095,4175,5333,60057,3172
14151,613,314,3816,11609,2081,459,95569
6757,20133,454,55921,753,1714,39118,458
755,1803,776,2487,465,939,4606,646
3500,305,37714,457,5558,1521,33530,21295
457,13090,2894,2579,8165,1231,301,117644
2276,464,20237,10122,303,915,1923,1125
19438,2071,11376,46330,458,621,768,41320
2433,754,48667,8027,2586,454,1545,309
1355,1496,1054,6649,6831,2204,3485,17370
5606,2786,51523,1379,1248,1568,7342,371799
24928,772,3250,788,1260,2421,12539,305
770,1360,2349,1126,3485,29956,309,310
777,3680,42425,1704,3014,3112,15859,7531
18932,18122,454,637,456,7824,3982,2349
6282,8427,1988,4812,1823,2805,1378,23880
7613,8004,10042,4763,304,6711,606,4319
1207,1054,301,1247,1710,5243,7788,1439
306,46355,607,2221,304,14800,3770,1752
307,8820,5609,2643,1233,2278,1736,9798
1217,11061,459,308,314,465,19271,1906
462,462,1976,7188,1615,1720,10049,60011
451,2410,1249,630,12023,1746,8916,459
5990,5077,455,9562,1056,2110,312,31327
454,92368,10889,1979,6299,7442,3105,6803
459,5047,7336,1091,1105,793,6115,1438
4643,9937,604,157491,8933,1685,30248,1082
1372,5426,3255,311,2263,5782,6277,789
612,932,2742,462,1516,4863,1069,10269
6110,305,306,3211,449,4878,1372,1232
460,1701,981,71344,7215,27551,2445,950
2449,102734,2108,7663,10803,17896,3168,1529
24556,10805,301,31353,610,2229,2038,102881
5773,613,11739,5980,900,1898,456,2228
943,1388,67085,10575,8339,616,7096,7402
2925,3737,7596,34259,1519,458,2127,12357
1741,6405,97997,19545,2038,4438,1234,1253
616,4615,10353,3770,44834,1422,1550,462
2078,608,22833,612,23548,1385,316,7258
456,310,34895,309,302,610,772,9019
12001,2154,2267,774,6561,1232,5316,71390
11043,1843,6692,458,1960,2175,3377,22364
306,1235,304,5793,6259,1251,3062,1389
3205,926,18916,2474,302,4284,605,3888
2747,2019,758,9304,2583,460,5624,2026
1073,5262,6711,3199,306,1840,1539,768
9920,5030,14439,307,3936,758,7648,10575
2037,1991,12018,22749,1111,18016,19117,915
462,8293,17690,1978,5739,452,15386,43097
913,1371,290882,1374,308,3046,2928,1064
2579,9692,5041,7873,1075,616,10367,8126
2622,303,1662,923,4955,63354,766,303
11317,1664,3009,461,1572,4854,1997,1677
4554,2776,19122,302,4680,5927,769,34543
309,4568,306,20792,309,1221,2890,933
165780,2486,1387,453,908,25186,5675,3190
2799,13600,1207,15010,28119,305,14669,1562
929,607,1827,1583,24042,459,1236409,2552
20042,7472,620,6624,4230,454,304,8957
1084,17236,2476,5060,48103,309,612,305
1283,1375,106404,302,313,4078,2223,2484
1977,16426,6836,305,1381,1961,19472,3686
27307,304,611,6495,1268,5238,461,307
4925,761,39262,929,10727,16593,15250,614
5511,1971,26498,1263,22879,1058,112240,31374
5289,2265,11490,928,305,5072,48056,1888
1173,1560,3501,315,19747,5355,2322,4327
1333,3404,611,919,3191,306,429739,612
10486,6914,2106,1847,4105,305,18061,799
1797,3046,1839,1424,1375,456,304,4413
6771,611,1672,3590,309,308,5859,1985
322,301,304,4935,1064,25557,39080,935
326,621,60651,2284,2625,1521,763,949
5421,301,66503,12314,304,1515,28556,1107
5173,918,1681,772,783,1225,5360,3975
4671,10512,7891,311,457,5279,6951,6175
13582,1826,9439,467,302,2168,30498,3827
323,5821,303,5457,458,2382,7271,3070
3483,4326,612,9239,945,308,5011,309
3928,56096,5517,929,771,4492,10387,621
1829,3343,21221,308,12722,3615,7227,15184
9256,3657,13648,465,1769,2345,30449,4873
28055,7486,3076,8720,1411,602,38504,8188
143274,6188,609,948,912,1399,23634,1405
479,304,3173,304,12657,2068,5123,2135
325,4600,1866,3764,305,2168,2788,2052
1413,20195,20293,7659,2274,309,14048,612
798,6925,611,2239,56609,308,4193,461
315,1049,2139,2948,9831,780,8133,306
315,12727,21951,2058,303,2988,331860,609
107823,9463,1093,100048,2870,2059,46705,11668
259599,12250,8632,2920,1057,6466,2911,12904
638,455,31685,620,304,312,460,24308
323,305,8887,607,26267,9231,12469,311
15432,4868,452,463,18607,3195,923,16957
1624,1219,3534,20384,460,921,23160,3423
6961,6202,11806,310,3974,71394,3607,9606
3374,306,908,617,608,1258,3061,2437
1589,12370,303,5861,1991,1892,3426,622
649,5383,7545,607,3781,4106,4458,80001
14258,1064,11047,307,918,37990,1085,3868
1686,3038,3989,767,1521,1963,19290,460
3443,2027,9515,1749,76420,1219,8498,307
26941,453,304,308,306,15928,307,458
11311,761,1087,1698,1791,779,459,312
5009,1434,46267,4483,305,3702,3609,627
14614,7500,309,457,302,91192,6146,34665
16483,1841,303,763,10993,4758,307,624
2165,1064,2795,5002,4905,929,12468,2544
33823,7979,19148,6673,11732,18319,16203,4105
4846,902,10925,625,761,305,4978,1252
477,8435,3203,921,3219,776,19676,33071
1096,1895,41126,615,463,302,7418,3816
312,1758,23468,456,2744,2597,3881,50669
304,10455,3752,950,2122,109987,1279,2056
2539,14782,11679,38989,5147,771,6044,17311
954,6878,35555,1786,308,1090,56587,2883
3727,931,16764,14585,2690,8181,301,3482
1375,768,47235,16155,1068,308,464,3985
772,3486,9653,3148,4349,309,2675,1066
1985,10887,14189,943,1061,302,32660,18855
3049,2096,5902,1114,1211,2123,306,763
24071,37047,307,14417,2225,455,942,14048
7720,300,12109,974,31198,933,925,9847
1695,4828,750,2592,8884,4850,300,10466
4719,1703,755,6735,4115,307,11264,2134
304,1413,5136,90912,1577,10002,464,1067
67164,752,2283,44493,14306,4624,775,1687
5855,1817,1072,1679,28863,1835,9320,2446
40621,3679,16183,133899,17939,8579,9521,11029
21718,8959,41379,67352,14872,14452,37020,9363
6153,5607,20615,2629,12484,1088,2365,1887
1084,451,67420,627,309,308,1890,27306
4234,1065,1221,3008,34686,3761,627,1676
2935,2736,304,310,2445,13545,3100,5673
306,47915,307,38691,14423,979,921,7029
1443,298,8419,23193,31933,2582,43369,22325
8369,458,34465,80065,1066,612,4171,458
17093,9440,16054,11957,457,2934,778,301
14038,304,192671,32617,11352,3525,468,29169
621,27714,3062,35354,5135,614,18029,456
4119,4182,459,7519,1286,460,3042,458
14407,2702,622,137172,43904,3997,610,7231
109627,1547,456,2642,619,2286,15571,26883
3565,364903,772,17154,6895,1111,6350,148088
18418,20784,11732,16392,5336,2098,7752,6410
6622,34160,4323,1841,1927,2345,20707,69653
3590,8240,2558,59595,6658,607,9609,19597
5875,303,1576,9959,311,7726,62384,21950
1836,41784,764,2608,1695,624,1386,1067
3254,5490,2499,99921,3433,1734,13882,769
612,307,36013,625,1210,767,3669,6051
10388,18463,1667,771,302,611,4822,29587
1082,1902,309,11379,1882,15679,5573,2745
1385,2310,614,108936,625,459,8305,3974
1114,10597,25648,89069,468,2230,613,68785
306,57007,304,3894,7389,3125,759,454
3820,2212,8102,13150,1538,299,1385,5510
31228,5302,303,21066,2579,761,5169,40520
4268,18011,27035,38520,3791,2817,13363,617
31050,1068,452,11994,2883,771,2910,2438
783,43101,12219,1426,302,105251,5354,305
21103,770,618,5488,305,3059,3861,767
460,621,23856,615,1686,789,933,329561
9224,457,7428,62271,45853,3207,2183,3462
1414,2009,16093,29699,3195,300,1924,2565
4884,2885,16963,21871,306,4125,305,42180
1984,4933,455,1077,305,29597,6657,1722
1531,24662,4488,12485,758,598,1529,8669
2532,5257,464,13574,760,607,775,14277
921,1389,617,1103,6837,301,1548,760
33046,2969,5519,2015,1834,606,2953,7434
6295,18485,304,69960,755,8068,2955,461
1838,31357,451,7028,22711,1506,2389,4467
21336,1268,1362,1256,10869,754,314,6168
19958,17663,760,14092,763,1658,1915,1262
459,42504,2623,6217,779,5518,14580,15083
768,6026,21917,4987,20858,5117,9420,2410
2300,7966,1938,5871,1551,6652,23397,3130
36119,11688,10380,23788,457,10498,4655,9561
3207,10501,13138,1533,1408,308,1696,2378
307,2978,9597,35578,3477,922,306,305
462,6488,8408,304,915,4145,27187,84700
465,20369,58118,7492,4200,3746,10793,3344
67926,605,5322,1442,613,14473,47665,8290
915,3520,12592,11369,3469,6268,467,9515
2094,3836,10229,6520,316,623,3094,7729
10326,943,7027,12474,3901,3650,1692,454
306,16286,1592,8174,3449,3151,2003,19598
614,1363,6514,1420,300,3066,424435,21894
5166,5733,13818,13076,611,5142,605,2282
49140,1059,3706,1063,3571,14118,310,5241
1409,3966,3753,10888,4383,1551,4527,18593
1078,1211,7952,2945,3495,455,9211,491
7314,25019,15944,4106,4103,10482,301,1909
12259,8652,23723,761,5909,11481,611,650
611,4936,190837,607,920,6329,774,3425
770,1540,2803,308,301,755,456,31367
80071,1240,1738,5068,3835,1386,302,30986
3969,17757,4271,1836,298,618,765,8402
4295,1065,2158,29070,13567,5023,97793,9986
1710,1824,1577,463,2099,605,6942,6001
4895,8847,2098,12782,2643,758,305,1006
3685,10454,299,14257,311,302,928,1187
18662,612,5889,2170,2599,6074,25513,56253
1074,23613,301,616,1254,11652,1687,11913
773,920,13306,788,4737,25956,4949,376008
1419,7046,2109,464,2565,1574,12398,1690
2455,611,20549,24351,4699,3473,1224,1193
1075,1871,15473,14237,3874,1582,312,1322
2828,49167,5594,3500,455,1863,3492,334
5510,15386,2421,610,305,455,14764,325
637,789,85408,7557,3760,7843,2144,1345
638,2760,12536,2485,299,17307,1214,1882
783,5050,3470,2336,304,5796,3921,7433
11716,9551,53009,623,308,1810,921,61350
2049,2113,4026,776,11860,1866,6019,807
312,3694,18287,1259,29557,2773,909,318
922,4728,6553,3686,2399,16364,3327,31821
80931,3983,603,1799,1049,8851,2019,2009
2170,1066,902,461,303,20312,52206,3667
4362,1854,10877,1244,4632,1831,3830,26044
3680,56078,305,20274,31826,302,13422,2366602
2851,18561,3328,2222,4594,1380,61017,26052
2417,5231,8470,55297,13336,36491,1555,802
1525,5881,905,5488,606,4336,458,316
613,6258,310,4121,307,2740,1533,5789
464,16262,12698,12551,1212,6553,5343,154302
2268,3555,453,625,25760,9869,25056,4716
14885,2766,4372,1731,616,38370,460,2118
308,4461,42075,8106,6848,605,7468,3259
616,1241,1211,453,11439,5526,3157,2721
11861,3817,20115,6392,611,757,304,12148
7438,7148,2865,26926,18634,4285,3056,5638
2206,27744,4963,43873,11217,1852,1056,15081
924,919,300,1905,44804,303,2158,638
313,4577,907,5548,11560,298,462,3331
4794,4871,1052,602,3187,918,4971,12442
464,24424,1205,3390,52779,57277,158488,2123
2058,27897,4820,950,304,306,2664,150347
4662,2282,8256,300,42980,613,1921,791
12881,1660,4670,5016,1055,5024,1395,27028
7033,305,302,1354,305,6092,100792,49071
24175,2356,1981,27447,42475,2746,1382,4424
764,14546,1535,50126,7061,611,5600,1590
615,761,1961,751,19994,13572,610,3456
764,2158,3179,1354,9752,4313,309,1602
458,12170,919,16214,1659,455,3370,16555
4301,603,2015,1351,1227,2584,1558,1269
12809,1546,3170,3481,4997,3156,603,31043
308,1899,1385,9370,2167,1711,306,16159
42105,1140,5030,1825,4554,1412,927,178294
2326,1397,1764,1052,2156,948,1395,318
312,55157,2269,12358,311,2498,905,4430
2470,7418,753,2119,1968,305,3683,4544
3495,2766,9267,4903,9923,4896,1068,44614
3357,758,8229,1827,6705,1076,764,26096
9440,2339,13520,7800,4580,11549,608,3865
465,5025,29049,1660,306,2765,6703,632
466,614,1350,36603,2121,3624,1405,479
269416,5040,452,1371,1961,304,14929,5233
20950,2584,4613,1200,1833,54600,1117,321
306,454,2568,3158,8347,461,14415,29920
306,4393,1052,757,657,305,307,100618
1747,612,608,7121,303,3535,944,7279
5986,3996,453,4086,11207,927,303,10360
315,1641,456,1051,5326,1568,12489,1776
307,1092,308,1049,306,2905,311,19195
15482,1277,1214,15758,1213,13509,2359,29255
13417,5244,3049,6729,933,5332,27412,2161
311,3504,19565,929,613,779,4541,211610
43460,2667,4013,2585,307,24311,3393,28605
17453,2891,3004,2547,3654,628,105421,14671
27770,3161,1224,4757,2760,8185,10526,327
311,6779,4009,1062,36058,15392,17307,15519
102994,313,621,219499,3382,305,463,14995
7749,4844,17679,3159,1089,919,1806,19684
3025,4241,3235,18652,769,1867,1054,2624
306,9480,3532,1995,20521,44666,2748,659
18713,2679,23115,3129,35651,304,454,655
34758,47094,1534,4382,2908,303,2083,1143
4402,39611,303,308,305,4002,1428,21032
59141,6639,1068,764,306,164744,306,10940
27961,2968,6771,28489,148089,5979,19185,2147
10498,1096,304,7010,616,4591,9137,640
10851,1518,1380,3668,27372,8376,2685,320
2958,784,5980,20904,10971,4998,4027,7112
3343,8498,757,11973,621,605,6145,315
4448,3256,300,19482,314,7219,49904,6107
75602,1216,36005,27378,35168,68569,752,3663
1739,1575,303,19468,1853,1368,610,957
71401,2290,1371,1096,3169,763,2198,14967
10009,606,7541,7078,3121,617,618,4076
4392,3470,308,13047,305,1579,4872,319
11481,5712,902,4925,44542,17924,1108,18750
925,307,304,2266,39896,1982,471,1269
13507,2419,7273,5262,4796,3803,25454,2096
10540,6299,3173,2362,11829,16114,35700,11312
604,5815,305,48133,3084,613,305,4297
2126,5974,10411,38436,609,5072,3613,16373
4889,2710,910,11623,4750,959,300,3763
2039,1978,8343,12523,603,310,4735,960
22238,5761,449,611,9311,6690,19287,1826
914,20118,2126,2801,767,3359,34076,792
50272,1084,1381,2831,2004,313,931,9791
2303,312,301,9176,5658,2437,307,13505
5289,2228,12118,29509,4208,4358,6834,1221
309,5158,3457,925,8507,308,1392,38221
302,6505,48512,3261,7719,2027,463,3049
2612,1256,9868,6705,1716,5655,70529,2014
304,914,301,25952,769,458,7317,9996
4065,8189,4132,14679,4435,1896,14046,1369
13741,5699,1695,6118,919,3930,1387,8237
7519,1234,9794,1104,915,2482,2393,14915
2059,910,7028,6347,,24473,2552,24118
307,1215,302,5567,,615,1410,470
2771,19756,1545,309,,459,15195,620
1969,2579,5358,10151,,13536,1226,5018
2563,4717,303,48856,,1067,301,1084
920,1945,16621,10541,,1741,10648,38807
28831,5906,2453,3698,,9485,1738,5825
1378,4268,322474,302,,306,2882,4161
25519,3693,301,1675,,1387,2341,1950
5078,4113,453,44468,,461,304,12561
5789,11101,1517,34127,,1674,5944,7270
15661,8386,602,23001,,1841,4864,1411
6915,1386,1955,631,,313,2864,5866
8034,11499,1064,903,,8554,301,5351
2131,2830,84421,466,,1572,7679,5686
20347,4024,3210,911,,919,5921,1705
3463,9770,452,756,,46154,303,10137
1359,9585,9093,20199,,466,5704,4519
3486,472,1364,314,,1227,4643,150917
1917,1569,3840,2938,,19673,4696,15735
2784,1285,3765,1675,,2488,39830,4078
306,24345,607,2809,,12634,600,620
2485,2847,2560,36799,,20204,1396,4866
304,30157,3960,4302,,302,1241,4026
5338,1074,2583,303,,611,6170,2437
1058,2263,1052,43198,,605,2941,1058
909,1394,7893,1056,,4035,3874,1078
5454,1882,2082,5072,,7007,10166,3424
1047,1663,772,316,,22888,1542,3705
5710,2069,452,48734,,22800,909,2011
230060,9238,306,453,,3388,617,764
9210,6106,2272,907,,24286,2270,2228
3327,2036,4242,36446,,2135,911,1581
1368,4609,2073,76981,,1239,919,1537
449,7844,3478,10168,,15683,1575,41885
4773,22184,1078,2067,,8830,3600,93545
929,4478,631,1715,,625,2192,11800
900,623,2523,16849,,5018,2568,305
4099,905,3347,304,,768,770,9096
622,11943,1090,21436,,2462,1846,309
305,3877,453,2029,,786,83991,19240
25985,2702,1086,58112,,59801,1510,2321
23496,1916,3870,302,,6993,923,13928
4395,3528,621,20705,,1736,4902,1985
27587,7420,603,8402,,2005,4577,8148
4520,2566,1076,12041,,14179,5668,31499
1366,6064,299,16785,,1716,30428,302
305,4020,904,5118,,5829,307,3809
449,2317,456,928,,2285,10704,3896
299,1083,5209,1972,,4190,1574,1709
14950,12073,6155,2113,,768,773,304
8979,307,753,20315,,3035,778,2624
11456,1977,10337,759,,18938,2285,1273
15142,6039,1279,610,,15032,307,306
2979,1407,3373,31403,,53179,22327,34707
43530,16898,18782,1388,,78210,21277,35186
602,305,46620,2856,,11775,303,303
13867,3957,3807,14812,,12949,33890,17170
18321,46478,1529,19526,,31747,2024,17801
6546,469,14497,1388,,8154,2538,2304
5132,12664,1372,18837,,915,6298,3353
5931,12086,776,3814,,22596,3349,10472
8980,27319,2155,16241,,1369,459,471
5225,18638,35187,143335,,13259,973,14768
787,2687,1812,307,,31330,4562,24011
30737,3189,904,304,,2141,19932,13804
1805,13608,604,2186,,306,5019,308
27580,309,452,19391,,608,7121,4764
4963,231249,304,1225,,1258,6596,7193
3336,303,9091,15527,,5471,173515,1512
301,4371,305,3607,,609,176541,462
757,3925,457,2066,,32667,27064,16569
1240,34515,61212,2419,,6604,1123,910
1961,16480,603,6220,,92673,11216,2900
1682,1594,50238,1072,,1220,640,7582
8961,4168,305,1210,,3059,4085,3355
1810,4773,11897,12865,,1976,18794,920
3538,457,24888,1223,,915,1091,458
1358,11583,20960,3044,,1063,9672,2133
46415,2462,18268,761,,51386,3333,50769
602,5270,7174,5597,,5731,311,7324
5792,1370,4181,1081,,1104,23320,19537
20035,1511,7065,1090,,780,23487,606
9013,4109,760,458,,4115,306,2484
1221,7540,1368,1094,,1089,16576,608
2579,789,42098,3532,,938,2004,5639
1228,456,902,516741,,1260,4786,5418
2478,19347,302,32596,,5841,4725,5348
5823,15088,605,2215,,925,461,29915
917,4138,6319,18706,,464,456,95246
460,301,9044,1064,,618,6814,601
1361,5546,457,14249,,7389,9493,5949
6183,764,303,2774,,10981,305,5311
3343,3229,6201,1670,,4183,53503,755
1670,3241,3006,22762,,1940,3873,7091
9495,11730,451,13320,,1401,4917,13039
5705,4699,751,7902,,310,1084,9899
8215,781,65795,307,,458,66613,6901
29380,608,29170,2087,,454,788,4329
37604,15368,16451,2061,,1695,2635,10182
618,54222,65966,36581,,2624,11363,305
13574,25140,17650,77014,,303,1676,449
3199,8031,2637,619,,1226,305,311
910,1666,463,13155,,9175,3616,459
13905,1661,16469,8309,,304,1704,1066
306,2926,602,2344,,3192,12499,313
1239,3465,7216,2221,,1078,7626,5806
1881,917,2273,460,,3691,11059,12534
1704,37930,6035,25582,,1827,622,1986
4047,4763,1215,936,,1537,307,8857
2530,5886,31589,941,,2230,2647,14903
606,767,9624,1082,,611,1268,3901
1963,459,20208,4169,,15865,5812,2285
457,1820,41266,611,,5298,968,3642
12029,8723,3754,12137,,2348,1413,3070
461,758,6695,187055,,2009,6739,3953
3038,914,10447,304,,6312,21359,13585
1261,8664,1061,305,,2390,1561,22904
2515,1750,2430,307,,615,5481,9377
1215,301,36200,453,,2562,4505,14271
605,14620,603,26762,,19775,1622,8381
312,3723,72143,89725,,6172,4028,3275
9069,2580,1506,305,,1219,467,17476
3473,459,39366,608,,2153,4991,908
455,9784,15347,302,,1260,784,306
3462,9834,5290,7634,,6142,925,28415
4534,11250,5552,920,,8121,2627,1111
1616,26614,1990,305,,451,629,8550
3493,19516,768,618,,1056,1575,1669
22235,4869,1100,2748,,4072,1946,612
1374,2767,1840,12340,,453,460,12251
1558,304226,457,572364,,2326,305,1432
321,2492,617,1426,,773,1380,763
1272,457,1219,1097,,4018,9176,758
8163,756,1102,2670,,1999,760,39488
6016,5266,1671,13001,,623,2099,9412
1513,310,1730,1403,,1093,85943,11121
191863,50398,6019,20768,,613,1541,3977
321,755,308,16331,,2438,606,15618
952,302,9830,2052,,4354,8333,453
1451,7594,925,1579,,462,20554,7076
319,2850,4305,112085,,1659,906,28050
3031,4096,2013,307,,2918,438763,1712
649,7561,21992,129663,,302,32930,8283
1261,777,1088,74956,,1373,1881,1217
2488,5957,308,13171,,456,16050,5294
2576,10947,5324,9854,,7718,6835,606
38081,4231,6813,3599,,7846,1422,24538
474,1246,3081,2612,,1523,1389,31156
472,7943,305,5738,,306,308,37558
1657,132675,16290,2067,,608,454,1069
470,2331,4513,462,,4287,908,763
62789,3245,453,2061,,49155,1096,17621
323,1972,1684,3501,,317,1601,140091
14539,94598,304,3338,,2057,11696,458
475,12093,,12185,,4479,305,77948
3972,4837,,2751,,4856,2350,8090
950,3024,,30913,,53323,13557,12177
4776,2625,,3370,,2697,1083,129707
11089,19713,,6269,,1078,6842,2518
317,748,,3295,,1125,11182,167792
32303,1100,,11043,,2009,6749,218921
90939,759,,307,,305,4947,55026
12302,2276,,1236,,306,8297,462
1291,607,,306,,2284,2588,458
2954,1084,,3169,,911,2737,6333
2841,3701,,917,,26019,2114,9559
9784,3329,,2130,,787,24499,6924
910,4445,,1243,,1997,8780,3490
6296,1208,,7858,,1087,1233,484
5311,10128,,3811,,3796,6653,29145
54196,18557,,1072,,2023,7134,4253
3647,452,,187604,,2834,607,48935
21599,1501,,313,,5027,304,32799
17496,463,,456,,1512,6037,2230
17520,9729,,1551,,302,11752,27228
6043,2126,,463,,10499,19336,8421
3846,10483,,774,,10097,306,31176
4982,26364,,7105,,19072,1853,2268
69250,2542,,3683,,17271,9265,51504
12811,3956,,5505,,12517,8135,38379
305,2136,,1444,,2901,759,3267
605,601,,1852,,3484,6874,22637
2935,1508,,1545,,299,2286,38226
51631,8916,,3298,,61280,4373,5224
905,7499,,4054,,159819,1072,14619
13349,2511,,65156,,907,1841,52160
34196,3476,,1884,,767,308,2232
2465,5801,,4412,,307,7927,9874
308,9572,,9206,,764,769,4995
45315,3282,,6240,,1821,4936,5324
2793,451,,19647,,19014,50052,17185
763,9301,,939,,1667,1059,11450
794,5960,,5195,,1832,23866,3255
44122,4598,,769,,15911,2373,478
153423,25682,,1254,,13090,2578,482
4409,1062,,2585,,2125,6604,36817
3776,21460,,64168,,25562,5234,2726
4174,57248,,4812,,1063,1534,1622
2156,5036,,29257,,1258,4526,4968
9045,4441,,305,,2871,6209,22523
1087,2865,,2112,,1900,4266,32661
5696,17873,,1903,,913,2023,16835
5767,453,,15896,,759,9167,25856
2970,6676,,934,,469,307,78665
2115,3546,,911,,622,8934,317
4248,603,,18557,,25698,4534,798
4344,3376,,137452,,1886,457,35770
457,7064,,299,,41957,907,324
15042,26172,,17206,,457,5095,2320
25278,2256,,179596,,6346,1230,123511
7394,4269,,28353,,306,475,3274
8673,3477,,45021,,456,104933,28580
4169,3134,,302,,2358,29961,2669
1982,307,,301,,305,765,6109
303,4213,,457,,2154,15843,477
10463,37969,,616,,13981,458,479
308,22600,,611,,5182,7981,185202
301,20054,,303,,1246,2544,320
302,4763,,305,,620,6859,1279
5196,3638,,1841,,1091,912,12503
305,1221,,302,,35133,1206,316
4215,6434,,926,,41539,312,479
300,1064,,1521,,18284,1717,635
20637,1426,,1206,,309,1219,477
10369,5060,,299,,13809,4884,2269
1955,4150,,4906,,2739,14607,322
451,10053,,2558,,1779,26017,479
301,11734,,1055,,3170,8186,956
37845,1785,,2256,,3984,27422,317
302,1455,,1055,,2749,5944,477
38483,776,,2283,,621,456,318
4777,3482,,1246,,6740,14203,637
34513,28517,,456,,56751,3127,3776
2430,2710,,909,,2317,5994,22408
304,18544,,5361,,1827,1946,2255
463,2114,,2467,,44444,467,319
2718,632,,451,,1695,920,317
304,47217,,4000,,2224,2676,953
624,3050,,307,,2252,6069,15245
9560,3483,,464,,602,9829,481
54770,1532,,305,,15608,1604,3367
17766,11382,,1680,,304,2077,4111
1079,7433,,5408,,1558,311,2706
7011,1904,,25638,,602,4315,62753
1198,1535,,14547,,907,164881,9567
3202,608,,19606,,5467,1530,14495
2836,1715,,1910,,752,1063,5124
7380,20465,,33318,,6756,454,6132
10084,904,,2461,,455,1057,25358
13281,1264,,760,,5441,9544,1867
7922,249444,,38502,,4301,5745,56510
7315,450,,6209,,2206,606,5499
4059,909,,608,,302,7444,99905
751,164945,,51564,,456,58273,3141
601,2089,,804,,11720,7479,3611
300,599,,1819,,14282,12605,2154
914,6936,,1495,,4837,454,10785
306,10062,,2459,,1354,1203,39911
452,300,,6952,,302,303,10042
4991,304,,35002,,1404,913,6227
477,12944,,605,,5949,28842,460
309,1370,,10165,,460,10394,610
3932,1581,,603,,12116,5057,76035
4352,13916,,8935,,17018,606,9696
1384,52956,,83987,,1696,4674,7129
610,302,,103651,,10980,5748,12298
451,8696,,4198,,9082,14886,4863
305,103075,,15277,,1846,760,97424
22576,5632,,21125,,1362,791,39046
3924,4131,,1369,,605,304,2005
301,1549,,17716,,56486,1895,8299
302,3894,,2010,,5201,452,19259
302,2609,,9754,,1252,7416,30854
598,1516,,316,,1883,3143,918
20177,18448,,8500,,13841,464,18585
5209,778,,22286,,310,1088,767
9917,6515,,1391,,1436,36322,314
3122,926,,10704,,303,2276,757
707273,457,,3208,,2863,305,20869
2119,300,,10259,,2578,277003,916
754,48778,,3727,,15747,310,453
606,306,,39060,,451,5161,755
301,16397,,111286,,48765,2140,2444
453,454,,1669,,2417,1395,9759
301,302,,306,,1050,68887,33677
303,301,,4641,,25391,923,61791
14926,8460,,6968,,7154,87496,62618
1054,21860,,2489,,13211,2246,3244
602,1670,,49248,,12836,1854,5778
299,18159,,306,,22944,6642,1678
4637,5347,,305,,599,1083,454
751,12392,,29043,,88992,1513,134922
303,3147,,16224,,9621,303,40978
303,5522,,307,,2270,1884,15103
309,6067,,2209,,2067,308,305
1205,5919,,1966,,305,617,1061
303,1237,,58352,,1409,450,143222
2248,303,,19174,,1711,617,196829
298,1426,,759,,607,8402,456
462,1813,,1912,,907,2707,1353
453,4514,,313,,458,9222,308
304,5935,,307,,1226,11996,7001
455,907,,3966,,308,2036,49267
300,451,,3333,,612,1929,461
301,5609,,10194,,3318,1639,3377
302,1385,,31425,,618,8138,45948
602,17417,,47315,,4443,749,13372
306,913,,3614,,299,17780,13071
455,49068,,305,,3335,12282,1073
303,127365,,458,,4653,1897,760
303,1902,,1419,,4293,917,6883
753,7535,,4296,,306,2968,20439
450,20481,,1969,,3611,763,1257
3476,1550,,1739,,2259,1374,77835
603,1051,,607,,1102,8404,783
453,1660,,30826,,632,35867,166845
452,2418,,2983,,2144,17050,2272
305,3025,,2308,,4079,4594,3465
298,2024,,6565,,10195,302,778
600,1900,,5754,,753,73233,1219
1350,3806,,309,,4962,8451,306
1356,776,,2811,,3724,608,10083
302,30909,,7627,,756,448,26554
300,750,,5279,,10078,905,305
3648,5860,,1267,,1089,1051,17933
304,452,,11784,,759,3412,780
304,792,,1077,,38621,903,43488
1659,4842,,7109,,2548,2583,2817
1656,4129,,4331,,4397,3805,5936
460,4850,,3570,,11612,929,6062
66926,142603,,5419,,915,1812,456
300,1056,,14141,,749,4263,3604
457,4010,,6496,,450,300,3969
1054,2867,,11244,,56083,7609,45730
450,2128,,14460,,308,3182,36759
600,2686,,2093,,4090,9151,9226
7093,4732,,1934,,2255,750,6204
1883,4644,,1906,,15810,8341,1526
1242,605,,935,,307,1533,3358
1411,7513,,2061,,4424,2836,5016
70253,5780,,3642,,121511,454,24385
4612,51686,,1250,,2011,4319,32189
2337,8682,,24921,,457,4889,14694
5554,7111,,2798,,7772,2832,7558
4767,15415,,4235,,1682,3494,7531
1525,39864,,3892,,5689,321,15125
303,3991,,17424,,456,2226,760
1209,309,,3723,,9486,7352,6778
1083,1221,,13623,,308,5800,1061
462,8279,,1420,,914,6326,2718
1895,16787,,42561,,308,4361,2918
2680,6161,,6141,,2781,1562,302
909,8617,,5812,,3474,30945,756
13158,1932,,612,,3935,23758,608
20116,1976,,621,,925,1929,4365
4845,310,,81388,,306,5918,611
1113,12340,,3762,,5537,8624,11398
1366,317,,45840,,1861,965,7166
311,308,,1985,,10891,5938,1673
621,5062,,1256,,3506,6697,22716
2613,4272,,3195,,2842,31674,921
1073,27574,,306,,1411,53026,21860
613,2881,,60439,,4114,3635,33580
2582,5341,,308,,302,7337,5222
4546,309,,1068,,8343,2169,1686
1427,1383,,1668,,464,19668,10005
2078,918,,25472,,459,29700,304
453,2264,,13995,,3605,10120,306
1531,4008,,5786,,5082,1351351,1269
1394,2754,,3461,,471,12736,21177
761,16777,,1263,,5817,9390,4162
2592,1068,,1379,,306,6071,905
10397,40750,,1518,,1761,2072,35470
915,608,,6612,,624,211699,4404
2074,6331,,758,,787,2922,12370
3051,615,,159164,,5002,22462,14285
1833,47808,,2927,,307,3775,307
1993,5542,,2684,,98993,11050,11161
3383,9682,,47243,,2240,2617,16657
16787,24855,,54626,,1880,8777,758
458,44549,,3323,,4370,4248,604
6048,10320,,1116,,772,4496,72442
2609,39442,,3101,,13237,18114,5911
923,457,,7146,,920,8218,27163
3737,33083,,2282,,609,31803,1364
1072,161268,,3207,,1695,800,9265
459,56150,,2903,,4095,18974,11285
1269,10432,,2398,,1227,655,773
310,614,,20874,,1092,631,4644
34083,4690,,6165,,913,38368,1889
1237,1071,,302,,937,319,12787
3644,1868,,40890,,1883,4674,2140
1090,1749,,21454,,3151,12136,17155
612,1658,,21193,,1889,26740,10435
303,623,,302,,2342,5810,13827
758,1054,,144344,,2053,319,304
613,7521,,81217,,5031,26256,620
2600,56574,,14709,,1935,1973,15447
3403,457,,17649,,1077,1139,34344
313,6826,,70080,,12560,635,4160
773,301,,8412,,2482,1137,24987
6961,7517,,21474,,468,8881,18865
129193,955,,906,,457,818,3238
146486,947,,1062,,4726,6286,29296
2583,2084,,302,,7689,4306,6731
80981,2675,,758,,23911,17099,13474
6414,1427,,70618,,1882,29861,4239
2809,6228,,32105,,5439,9519,12972
305,466,,2162,,6716,3468,5993
302,308,,19944,,5232,479,759
458,4429,,7317,,7581,1673,11217
307,5493,,21029,,1556,23171,8501
933,306,,166223,,1423,12141,459
5789,1571,,2173,,2466,139775,13562
4159,2293,,11032,,9346,6484,5804
9257,2893,,4369,,3906,10919,9041
11489,1371,,3261,,759,20912,3831
3656,309,,3209,,1228,952,756
1925,10609,,1375,,4995,320,303
41434,3908,,4789,,3377,956,8513
617,22195,,303,,,321,3799
9916,15774,,22326,,,27206,8472
14257,6921,,13505,,,6361,4490
,3452,,1382,,,36297,7089
,6368,,6173,,,2422,3067
,621,,2018,,,2942,1519
,1579,,4591,,,27046,1287
,615,,1219,,,1442,2732
,7813,,6996,,,316,36721
,5589,,481,,,5599,1372
,3790,,482,,,36530,310
,9402,,1437,,,126834,2589
,2603,,30976,,,70310,2138
,2313,,292074,,,1265,55603
,5261,,39135,,,1276011,14761
,1897,,4775,,,3740,643
,25661,,203493,,,4572,782
,1672,,10950,,,20743,4845
,1088,,638,,,150683,783
,1795,,491,,,5483,1540
,13689,,28029,,,2095,2793
,158568,,2530,,,317,1529
,17253,,9133,,,325,786
,2648,,3519,,,319,199803
,55979,,6382,,,10928,4562
,61844,,8712,,,2634,3533
,1820,,4963,,,15032,10534
,461,,327,,,47823,2978
,2358,,8140,,,479,20037
,305,,489,,,4327,1506
,2769,,3090,,,33586,2097
,303,,13113,,,6475,26959
,307,,1787,,,2614,9469
,3103,,1121,,,2269,8416
,37421,,1286,,,1096,2273
,1581,,2962433,,,303,616
,616,,3076,,,13110,1786
,3436,,640,,,2140,10743
,4422,,22395,,,475,61017
,303,,325,,,2812,10445
,3012,,320,,,937,1422
,2880,,15635,,,608,63747
,763,,10886,,,2820,1277
,2446,,325,,,311,7370
,6447,,90732,,,21420,12073
,2587,,45800,,,13890,919
,1391,,6407,,,2438,464
,3669,,24092,,,7002,36997
,306,,484,,,8463,82052
,933,,2436,,,2801,3384
,612,,799,,,943,12625
,451,,319,,,6481,312
,123615,,11057,,,611,307
,9624,,481,,,456,2691
,1085,,1479,,,3201,15731
,306,,479,,,459,310
,28852,,325,,,9695,630
,9668,,852,,,2191,1310
,303,,1443,,,2060,6874
,9225,,21235,,,13967,2938
,92883,,5457,,,302,12054
,5625,,4236,,,3390,1836
,305,,5358,,,455,1681
,313,,7783,,,1258,13305
,6945,,2580,,,1251,455
,1111,,2454,,,1410,309
,1694,,3040,,,21428,6030
,604,,3228,,,1373,612
,613,,2859,,,201766,25558
,12121,,1141,,,309,16959
,607,,1917,,,7002,30594
,13678,,1685,,,1393,31892
,268596,,9707,,,457,21260
,3347,,604,,,1581,308
,134191,,452,,,196215,10983
,4722,,18361,,,2786,309
,2584,,2897,,,1869,1889
,11472,,1396,,,3334,933
,13170,,1592,,,9828,2775
,1555,,8098,,,2008,619
,306,,13937,,,620,4608
,460,,2745,,,312,307
,304,,753,,,650,2788
,303,,911,,,1708,919
,612,,458,,,407312,465
,2675,,2254,,,19335,1532
,21446,,3726,,,1455,6089
,9211,,34016,,,1064,15846
,457,,17302,,,301,1523
,4196,,38702,,,42849,58278
,2137,,304,,,305,305
,607,,452,,,41468,608
,10692,,1364,,,5703,307
,1074,,452,,,1252,40790
,24964,,18782,,,150256,9475
,33081,,4961,,,457,15640
,1276,,70148,,,193049,13085
,459,,2948,,,309,21895
,1072,,14774,,,2545,40921
,471,,29138,,,1270,41394
,2463,,1405,,,5875,307
,4623,,2897,,,306,6032
,616,,21034,,,5462,16053
,26234,,7967,,,301,11206
,24425,,126118,,,2431,61413
,757,,1669,,,614,4196
,5533,,310,,,2219,21266
,304,,5277,,,307,3166
,610,,7151,,,4747,2183
,35679,,1068,,,6420,309
,1687,,15821,,,3009,791
,6617,,610,,,605,619
,7656,,2832,,,1233,1830
,1061,,8167,,,1241,306
,10580,,1237,,,3431,1737
,2921,,14672,,,459,916
,3988,,5133,,,3972,26946
,8212,,459,,,3453,2397
,1679,,621,,,7764,307
,6106,,2944,,,5805,8899
,34932,,11712,,,2131,16502
,9536,,5048,,,6239,8982
,12521,,9339,,,5748,15177
,13496,,3944,,,9234,1420
,5306,,14277,,,7987,463
,609,,777,,,2374,6833
,89018,,3967,,,305,48195
,2659,,6137,,,2143,3434
,3524,,2103,,,4597,24437
,7044,,481,,,1670,458
,4051,,642,,,9260,21137
,7871,,5544,,,201858,21188
,2885,,244823,,,9941,951
,2025,,250575,,,912,317
,304,,1279,,,56739,8918
,6325,,6569,,,770,8994
,3658,,2888,,,8217,37616
,3536,,5716,,,3262,15287
,39818,,9082,,,303,4362
,607,,11228,,,913,11800
,4181,,3328,,,21761,3514
,13767,,4225,,,7418,6887
,3564,,2598,,,29173,30927
,312,,2769,,,4375,648
,18839,,959,,,18097,18086
,15833,,480,,,1078,946
,23345,,27240,,,1370,2991
,32897,,153948,,,27328,2508
,4791,,1993,,,302,27170
,7532,,321,,,304,109106
,13903,,13787,,,2736,7588
,9383,,3003,,,609,1436
,4543,,8518,,,302,19204
,1104,,6493,,,459,6769
,,,6568,,,305,477
,,,3905,,,306,793
,,,9787,,,3025,315
,,,3880,,,44345,7943
,,,1112,,,456,2714
,,,1125,,,3499,2789
,,,2114,,,1819,634
,,,4556,,,1520,1120
,,,8332,,,25336,110238
,,,70636,,,24016,4152
,,,5859,,,3086,1124
,,,3999,,,2508,140724
,,,6405,,,8179,61084
,,,6040,,,1857,107118
,,,3112,,,613,15037
,,,3703,,,2224,102600
,,,11929,,,1241,793
,,,9764,,,196006,331
,,,50980,,,908,6245
,,,71295,,,1230,55591
,,,175075,,,61920,17021
,,,485,,,1717,2705
,,,40795,,,17605,27716
,,,21681,,,615,3252
,,,2700,,,4809,7604
,,,1113,,,301,14113
,,,25406,,,3783,12911
,,,4589,,,8782,3260
,,,291783,,,82928,973
,,,326,,,6955,2530
,,,1922,,,12446,6295
,,,480,,,3419,321
,,,643,,,2258,2990
,,,317,,,603,4906
,,,1490,,,2636,2604
,,,27207,,,4129,1778
,,,11676,,,1104,15970
,,,3297,,,4852,26660
,,,,,,1960,5055
,,,,,,1536,28621
,,,,,,2469,2652
,,,,,,5849,4250
,,,,,,1600,7292
,,,,,,8870,308
,,,,,,5499,6076
,,,,,,5284,1702
,,,,,,8234,5425
,,,,,,21388,12424
,,,,,,918,5161
,,,,,,16657,9260
,,,,,,614,7846
,,,,,,605,7575
,,,,,,160994,2187
,,,,,,303,1234
,,,,,,43006,1220
,,,,,,3356,22180
,,,,,,3566,103227
,,,,,,3393,3379
,,,,,,9688,775
,,,,,,2128,132173
,,,,,,13213,37585
,,,,,,5086,1588
,,,,,,31817,776
,,,,,,4964,5269
,,,,,,305,5575
,,,,,,53496,1677
,,,,,,1221,11620
,,,,,,15055,921
,,,,,,2546,4424
,,,,,,71499,3205
,,,,,,3483,8708
,,,,,,8396,15242
,,,,,,922,372299
,,,,,,2741,26848
,,,,,,55613,3781
,,,,,,6053,307
,,,,,,304,25864
,,,,,,21457,461
,,,,,,462,1728
,,,,,,2976,212782
,,,,,,48687,307559
,,,,,,17246,7873
,,,,,,924,1683
,,,,,,3128,459
,,,,,,160173,1063
,,,,,,761,304
,,,,,,17393,21067
,,,,,,34276,460
,,,,,,26747,910
,,,,,,615,3040
,,,,,,8067,1683
,,,,,,7223,923
,,,,,,2793,606
,,,,,,762,32347
,,,,,,12334,310
,,,,,,10422,614
,,,,,,455,112515
,,,,,,2453,40938
,,,,,,2572,22667
,,,,,,38319,57929
,,,,,,763,4863
,,,,,,22389,342738
,,,,,,24460,97844
,,,,,,1835,112369
,,,,,,8137,10930
,,,,,,1683,535941
,,,,,,9899,3055
,,,,,,7793,4958
,,,,,,10294,319
,,,,,,1964,497
,,,,,,5734,13419
,,,,,,2213,3500
,,,,,,1519,96123
,,,,,,1973,71501
,,,,,,459,322
,,,,,,777,481
,,,,,,2004,20776
,,,,,,1124,15918
,,,,,,1387,21517
,,,,,,8270,122202
,,,,,,22718,14959
,,,,,,308,5261
,,,,,,18106,7279
,,,,,,1514,7900
,,,,,,1420,19268
,,,,,,3045,4590
,,,,,,4325,2239
,,,,,,919,4865
,,,,,,13287,37837
,,,,,,4232,74219
,,,,,,16058,1937
,,,,,,30892,35589
,,,,,,771,333
,,,,,,2785,1897
,,,,,,766,6642
,,,,,,18636,5863
,,,,,,461,4005
,,,,,,36950,477
,,,,,,617,85247
,,,,,,2353,320
,,,,,,620,4176
,,,,,,2166,4473
,,,,,,1766,5407
,,,,,,660,3895
,,,,,,2914,4205
,,,,,,1441,830
,,,,,,5758,7435
,,,,,,2997,484
,,,,,,322,21567
,,,,,,13540,1069
,,,,,,9281,17127
,,,,,,64344,123593
,,,,,,143605,1224
,,,,,,21214,37669
,,,,,,990,69595
,,,,,,2714,34328
,,,,,,6171,18789
,,,,,,485,26608
,,,,,,316,10341
,,,,,,1504,123694
,,,,,,46153,5180
,,,,,,2571,15835
,,,,,,486,1701
,,,,,,326,14879
,,,,,,4830,24085
,,,,,,637,189236
,,,,,,18452,22721
,,,,,,39093,4033
,,,,,,13697,36874
,,,,,,653,922
,,,,,,1362,29332
,,,,,,32605,16434
,,,,,,18252,40541
,,,,,,797,2443
,,,,,,13255,21708
,,,,,,9299,3845
,,,,,,105634,143300
,,,,,,2329,1663
,,,,,,478,28518
,,,,,,320,605
,,,,,,6163,12083
,,,,,,1761,3121
,,,,,,13164,7440
,,,,,,318,9759
,,,,,,1121,2429
,,,,,,18193,1225
,,,,,,5982,452
,,,,,,10412,17972
,,,,,,9359,7149
,,,,,,59242,460
,,,,,,3982,7426
,,,,,,316,14215
,,,,,,633,3541
,,,,,,324,31210
,,,,,,27440,17078
,,,,,,320,4978
,,,,,,10251,2503
,,,,,,484,1261
,,,,,,1158,2197
,,,,,,2263,3406
,,,,,,98217,3444
,,,,,,1597,12392
,,,,,,25537,14747
,,,,,,7863,307
,,,,,,50189,9416
,,,,,,4785,606
,,,,,,472,303
,,,,,,3319,2140
,,,,,,7818,306
,,,,,,20111,37309
,,,,,,72755,1110
,,,,,,1752,17228
,,,,,,31956,42088
,,,,,,934,3587
,,,,,,454,22704
,,,,,,7431,5874
,,,,,,2750,310
,,,,,,776,943
,,,,,,9356,1085
,,,,,,2190,13116
,,,,,,3336,3530
,,,,,,451,2451
,,,,,,13058,617
,,,,,,2082,1241
,,,,,,4055,92613
,,,,,,1080,767
,,,,,,610,15448
,,,,,,307,4364
,,,,,,1417,621
,,,,,,935,5437
,,,,,,1054,4872
,,,,,,456,312
,,,,,,1110,8045
,,,,,,5211,3359
,,,,,,4332,16002
,,,,,,4944,310
,,,,,,312,1887
,,,,,,457,37842
,,,,,,4977,108592
,,,,,,2194,1841
,,,,,,456,95199
,,,,,,3916,3704
,,,,,,6482,11535
,,,,,,760,933
,,,,,,2656,36302
,,,,,,2603,1101
,,,,,,304,2761
,,,,,,1213,6859
,,,,,,1266,14184
,,,,,,929,2475
,,,,,,4511,312
,,,,,,4236,4548
,,,,,,760,27981
,,,,,,3096,915249
,,,,,,2751,2194
,,,,,,450,22562
,,,,,,38949,623
,,,,,,302,35439
,,,,,,3219,14391
,,,,,,2580,128939
,,,,,,5886,11864
,,,,,,1703,8640
,,,,,,2466,5184
,,,,,,770,10959
,,,,,,910,58916
,,,,,,911,5832
,,,,,,21773,5048
,,,,,,904,241252
,,,,,,34119,795
,,,,,,317,4030
,,,,,,935,926
,,,,,,4654,465
,,,,,,769,1391
,,,,,,926,124570
,,,,,,2489,1383
,,,,,,12571,60755
,,,,,,14200,22760
,,,,,,2155,308
,,,,,,13718,617
,,,,,,3876,306
,,,,,,3606,918
,,,,,,2744,919
,,,,,,4121,32321
,,,,,,452,38371
,,,,,,466,71675
,,,,,,2289,38976
,,,,,,1062,84661
,,,,,,2553,311
,,,,,,1232,923
,,,,,,1528,460
,,,,,,465,31723
,,,,,,622,779
,,,,,,1498,25675
,,,,,,777,36965
,,,,,,916,13371
,,,,,,5686,30354
,,,,,,14523,37529
,,,,,,313,4006
,,,,,,3812,1907
,,,,,,2210,1698
,,,,,,759,13282
,,,,,,1087,152019
,,,,,,5546,2061
,,,,,,2119,6056
,,,,,,71284,1079
,,,,,,2301,472
,,,,,,1753,30645
,,,,,,458,42237
,,,,,,6618,13296
,,,,,,6410,786
,,,,,,3657,
,,,,,,10464,
,,,,,,2196,
,,,,,,2592,
,,,,,,21589,
,,,,,,4255,
,,,,,,1228,
,,,,,,762,
,,,,,,460,
,,,,,,5316,
,,,,,,10671,
,,,,,,603,
,,,,,,603,
,,,,,,2935,
,,,,,,303,
,,,,,,9257,
,,,,,,931,
,,,,,,1686,
,,,,,,2143,
,,,,,,2658,
,,,,,,1524,
,,,,,,312,
,,,,,,2760,
,,,,,,755,
,,,,,,7582,
,,,,,,5120,
,,,,,,2756,
,,,,,,1699,
,,,,,,301,
,,,,,,1418,
,,,,,,1731,
,,,,,,3022,
,,,,,,643,
,,,,,,4193,
,,,,,,3813,
,,,,,,7062,
,,,,,,12794,
,,,,,,21233,
,,,,,,299,
,,,,,,1654,
,,,,,,6274,
,,,,,,755,
,,,,,,457,
,,,,,,899,
,,,,,,13803,
,,,,,,2866,
,,,,,,44238,
,,,,,,4532,
,,,,,,1053,
,,,,,,2859,
,,,,,,299,
,,,,,,1220,
,,,,,,908,
,,,,,,6163,
,,,,,,3504,
,,,,,,11393,
,,,,,,2986,
,,,,,,309,
,,,,,,8240,
,,,,,,7566,
,,,,,,4331,
,,,,,,1668,
,,,,,,608,
,,,,,,899,
,,,,,,3582,
,,,,,,4557,
,,,,,,3368,
,,,,,,6306,
,,,,,,617,
,,,,,,15610,
,,,,,,4757,
,,,,,,1282,
,,,,,,457,
,,,,,,6292,
,,,,,,2601,
,,,,,,1260,
,,,,,,2659,
,,,,,,3466,
,,,,,,3063,
,,,,,,2784,
,,,,,,2869,
,,,,,,1700,
,,,,,,608,
,,,,,,621,
,,,,,,453,
,,,,,,1345,
,,,,,,300,
,,,,,,466,
,,,,,,1078,
,,,,,,2071,
,,,,,,304,
,,,,,,14786,
,,,,,,762,
,,,,,,3348,
,,,,,,1560,
,,,,,,615,
,,,,,,3513,
,,,,,,13106,
