Image_Index,Group,Regions,Nuclei,Area_um2_mean,Integrated_density_raw_mean
1,DOPC_chole_mRNA,57,2,1.8073268484765173,28288.315789473683
2,DOPC_mRNA,72,4,0.5110356819691733,7048.152777777777
3,DOPC_mRNA,33,5,0.6229745343762018,8425.212121212122
4,DOPC_chole_mRNA,18,6,1.6899661488091542,24060.055555555555
5,DOPC_mRNA,26,6,1.6672625219458506,25270.653846153848
6,DOPC_mRNA,85,6,1.0470798666021812,14871.376470588235
7,DOPC_mRNA,34,8,0.4905333915637985,6451.382352941177
8,DOPC_mRNA,26,5,1.1979862075892933,16967.30769230769
9,DOPC_mRNA,42,6,0.7035208934126469,9255
10,DOPC_mRNA,26,4,0.33703406530108904,4546.076923076923
11,DOPC_mRNA,36,3,0.3618039773058845,4787.583333333333
12,DOPC_mRNA,28,4,1.4019252712368382,19495.714285714286
13,DOPC_mRNA,33,3,0.17003369985877748,2306.121212121212
14,DOPC_mRNA,44,4,0.739646594385682,11072.272727272728
15,DOPC_mRNA,27,4,1.2371861026603908,16977.25925925926
16,DOPC_mRNA,30,2,0.26503550748200083,3629.7
17,mRNA,58,5,0.506976122187145,6789.258620689655
18,mRNA,36,6,0.8051879531610334,11485.277777777777
19,mRNA,44,6,0.5350634938109189,8165.340909090909
20,mRNA,47,4,1.083104661590235,16663.936170212764
21,mRNA,37,6,0.7589037175525516,11148.081081081082
23,mRNA,53,3,0.6606740977772466,9654.943396226416
24,mRNA,76,5,0.8181039135646397,11461.736842105263
25,mRNA,61,6,0.7947933805083482,10626.475409836066
26,mRNA,53,6,0.8124962395780868,11504.150943396226
27,mRNA,54,6,0.43465115758226025,5935.574074074074
28,mRNA,33,3,1.0104343057565224,15133.787878787878
30,mRNA,37,8,1.1367422606027378,16703.837837837837
31,mRNA,50,3,0.5873759895547045,8047.86
32,mRNA,84,5,0.8639805072839355,11068.416666666666
33,mRNA,88,3,0.6022177609093988,8636.238636363636
35,Chole_mRNA,73,4,0.5063247754931967,6875.342465753424
36,Chole_mRNA,55,6,0.5962756257600788,9087.90909090909
37,Chole_mRNA,85,2,0.428382775739323,5873.658823529412
39,Chole_mRNA,102,5,0.9111912320029042,13486.637254901962
40,Chole_mRNA,23,5,0.34933195561180286,5480.04347826087
42,Chole_mRNA,123,7,0.5475226315483653,8288.756097560976
43,Chole_mRNA,67,4,0.8535162571189887,11645.626865671642
44,Chole_mRNA,87,6,0.6773404084763156,9350.988505747126
45,Chole_mRNA,99,3,0.8211060016584509,13246.434343434343
46,Chole_mRNA,93,3,0.8292789781719099,11633.68817204301
47,Chole_mRNA,86,6,0.9692425692642623,14951.151162790698
48,Chole_mRNA,69,6,0.6604259903765486,9699.826086956522
49,66DOPC33DOPG_chole_mRNA,74,7,1.2487063719933567,21612.45945945946
50,66DOPC33DOPG_chole_mRNA,119,6,0.8096133489968,13769.55462184874
51,66DOPC33DOPG_chole_mRNA,68,6,1.1608470955690178,17819.573529411766
52,66DOPC33DOPG_chole_mRNA,117,7,2.0585301947878203,39263.68376068376
53,66DOPC33DOPG_chole_mRNA,95,6,0.7198309088937414,10398.084210526316
54,66DOPC33DOPG_chole_mRNA,82,4,1.2338914117281679,18187.121951219513
55,66DOPC33DOPG_chole_mRNA,79,4,1.0190069716906895,15807.088607594937
56,66DOPC33DOPG_chole_mRNA,75,3,1.376274473086714,23479.6
57,66DOPC33DOPG_chole_mRNA,110,3,0.7108855749414845,9926.227272727272
58,66DOPC33DOPG_chole_mRNA,120,5,0.8727070088709126,12450.433333333332
59,66DOPC33DOPG_chole_mRNA,66,4,1.0648812670942798,17735.060606060608
60,66DOPC33DOPG_chole_mRNA,55,7,1.8552485523740057,29039.381818181817
61,66DOPC33DOPG_chole_mRNA,50,5,2.2434897552260176,38230.02
62,DOPC_chole_mRNA,111,2,0.49808434183473166,7840.261261261261
64,DOPC_chole_mRNA,108,5,1.0546812549573614,17221.425925925927
65,DOPC_chole_mRNA,59,4,0.764268675950158,11681.406779661016
66,DOPC_chole_mRNA,135,4,1.062971905216433,15460.02962962963
67,DOPC_chole_mRNA,100,2,1.3509647759758203,20037.27
68,DOPC_chole_mRNA,42,4,0.7899331566843417,11642.595238095239
69,DOPC_chole_mRNA,30,3,1.2221081733892258,17290.1
70,DOPC_chole_mRNA,43,5,0.8329211423067279,12270.441860465116
71,DOPC_chole_mRNA,114,5,1.046716412708471,15094.342105263158
72,DOPC_chole_mRNA,62,4,2.630329142839386,63581.62903225807
73,DOPC_chole_mRNA,55,3,0.7297701688406935,10461.963636363636
74,DOPC_chole_mRNA,66,4,1.4565014375136982,25405.78787878788
75,DOPG_chole_mRNA,27,5,0.9418178694305334,12864.296296296296
76,DOPG_chole_mRNA,49,6,0.35255228840453684,5064.265306122449
77,DOPG_chole_mRNA,82,5,0.35480747733115575,4951.158536585366
78,DOPG_chole_mRNA,50,5,0.6630663101599245,9519.12
79,DOPG_chole_mRNA,105,4,0.4317202153192437,6274.961904761904
80,DOPG_chole_mRNA,59,2,0.6416457430336117,9574.593220338984
81,DOPG_chole_mRNA,53,6,0.4304630756400676,6244.433962264151
82,DOPG_chole_mRNA,64,5,0.7446662062698108,10352.578125
83,DOPG_chole_mRNA,58,4,0.35465686501358135,4806.913793103448
84,DOPG_chole_mRNA,28,6,0.9132980325393271,12544.17857142857
85,DOPG_chole_mRNA,39,5,0.5810087701557375,7892.410256410257
86,66DOPC33DOPG_chole_mRNA,69,5,1.3635884805233374,20481.666666666668
87,66DOPC33DOPG_chole_mRNA,93,4,2.0758932439656275,31549.05376344086
88,DOPG_chole_mRNA,51,5,0.4789459886134726,6895.921568627451
89,DOPG_chole_mRNA,38,5,0.5711647138481241,7764.184210526316
90,DOPG_chole_mRNA,51,5,0.5370000478393481,7510.313725490196
91,DOPG_chole_mRNA,54,4,0.33007842231450385,5273.351851851852
92,DOPG_mRNA,22,4,0.2724156936035307,3573.318181818182
93,DOPG_mRNA,12,6,0.2517041418654137,3306.5833333333335
94,DOPG_mRNA,24,5,0.35915096922298156,5063.416666666667
95,DOPG_mRNA,28,5,0.21659915991128767,2821.3571428571427
96,DOPG_mRNA,33,5,0.3726270443713634,4924.121212121212
97,DOPG_mRNA,36,6,0.4563173902593007,6024.638888888889
98,DOPG_mRNA,27,7,0.6849182534027682,8951.185185185184
99,DOPG_mRNA,19,9,0.38203316393801917,5220
100,DOPG_mRNA,50,8,0.5818842628230955,7791.42
101,DOPG_mRNA,25,3,0.20820807434622043,2791.64
102,DOPG_mRNA,17,2,0.3153178136179607,4137.35294117647
103,DOPG_mRNA,31,5,0.9300504948692705,12201.516129032258
104,DOPG_mRNA,10,6,0.25906623929546924,3458.5
105,DOPG_mRNA,25,7,0.9044635156232604,12581
106,DOPG_mRNA,28,4,0.5589793280387758,7591.392857142857
107,66DOPC33DOPG_mRNA,113,5,0.70521885212563,11400.300884955752
108,66DOPC33DOPG_mRNA,68,4,2.3661125691142852,40202.41176470588
109,66DOPC33DOPG_mRNA,185,6,0.7950419898169588,11459.583783783784
110,66DOPC33DOPG_mRNA,84,6,0.5284223599410548,7668.630952380952
111,66DOPC33DOPG_mRNA,186,2,0.7776095062347282,12323.47311827957
112,66DOPC33DOPG_mRNA,93,2,0.6793412310349454,10531.78494623656
113,66DOPC33DOPG_mRNA,112,4,2.242099768491154,39009.36607142857
114,66DOPC33DOPG_mRNA,48,3,0.731484072357887,12145.708333333334
115,66DOPC33DOPG_mRNA,99,4,1.1104044739713639,18087.0202020202
116,66DOPC33DOPG_mRNA,116,4,0.877585341837147,12382.73275862069
117,66DOPC33DOPG_mRNA,68,3,0.8565899847672773,14471.25
118,66DOPC33DOPG_mRNA,54,4,0.33361576642504104,5092.518518518518
119,66DOPC33DOPG_mRNA,73,4,0.3642071301755003,5062.397260273972
120,66DOPC33DOPG_mRNA,37,3,0.37848386934062206,5072.756756756757
121,66DOPC33DOPG_mRNA,34,4,0.23350372612020473,3299
